job_title,company,location,link,skills
Sr React JS Developer,ydc pro Inc,"Toronto, ON",https://www.workopolis.com/jobsearch/viewjob/mf-qzPUjTvnaOatORrWeTlb2gsnkvWcMEVoSR6BFxeoPfOhnSSOu_chDTOhxm1fg,"React, SQL, JavaScript"
Full Stack Developer,WeVend,"North York, ON",https://www.workopolis.com/jobsearch/viewjob/53s-v_whtKuoRDXBRyUJp1hCCeE8TNpoXUrzD56eZoJEdjAO82Deho40VLikmZTI,
Frontend Developer (React and Next.js),Stellar Elements,"Toronto, ON",https://www.workopolis.com/jobsearch/viewjob/YXMlMxij9CAyLuQY3uSDHv67FEmY6NIo1hJrvtKrtatcIQSmuiCUa__D21I_8vDv,"React, Git, JavaScript, Redis, ECMAScript, REST, GitHub, APIs, Agile, Front-end development"
Senior Full Stack Developer,Touchless Inc,"Toronto, ON",https://www.workopolis.com/jobsearch/viewjob/JxyEcf6E1wyKQaLvXGtGSUgx3X-h8frGmdRZ_Q0my5ElYOIQVHNrW9uJGwghgeOd,
React Front End Developer (PL570),Paralucent,"Toronto, ON",https://www.workopolis.com/jobsearch/viewjob/tJQBOUQBK3zSRqhYRhMebazZZ6hyUQCuPkUJHt8SVvoIvCcqOucC_AHmb1oMBuvq,"Computer Science, React, Engineering, Presentation skills, Bachelor's, Linux, Apache, Kafka, Data visualization"
Java Developer,HANKER SYSTEMS PRIVATE LIMITE,"Toronto, ON",https://www.workopolis.com/jobsearch/viewjob/HNCo1dMo0ERdbQsnpmakoDXK7fQFjlvblCVEsK7tCqBnz2ZqSmK7UKUnZu8G-myg,"CI/CD, Oracle, Cassandra, React, Web development, DB2, UNIX, Git, MongoDB, Java, OOP, Bachelor's, Angular, Linux, Spring, Hibernate"
Frontend Javascript Developer,Arternal,"Toronto, ON",https://www.workopolis.com/jobsearch/viewjob/O312l0z_k5i_56TfMiOOqDm68HGKebr4aKFHCQkoq79Ons1YkTq9jBpImTsXkGOD,"React, JavaScript, Angular, GraphQL, Vue.js"
InDesign JavaScript Developer,St. Joseph Communications,"Toronto, ON",https://www.workopolis.com/jobsearch/viewjob/h-X1ZMrYU0hcaKkm3zBSiA5JlswjtLQ7CHFA3KoD2vG3Et-6sjRb8cHfbyjFkbNl,
Front-End Developer,CanCap Management Inc.,"Toronto, ON",https://www.workopolis.com/jobsearch/viewjob/ktKo6YpmX-O6PCao3MJ98AAWHU-fa-GmRZcPabcTTfc058ycFWU2POzkHCbrcJU8,"CSS, React, Kanban, Google Cloud Platform, Bachelor's, JavaScript, Angular, UX, Software development, GitHub, APIs, Agile, Vue.js, HTML5"
Mobile Application Developer,WeVend,"North York, ON",https://www.workopolis.com/jobsearch/viewjob/DD9GkxoE70pLaFIdmjGu77mUuQsDQ4eSIdYea5zpKxF-S1QkFD5VaMLUVKuO69Fj,
Front End Developer - React,Dawn InfoTek Inc.,"Toronto, ON",https://www.workopolis.com/jobsearch/viewjob/L6mLhD-crWjNniTkoDmRZSQrxHoHLygp-0SBgpIjCEScufhUoQ9Yj4Gu53Y3P2EY,"Authentication, UI development, Azure, Computer Science, React, Google Cloud Platform, Master's degree, SQL, Database management, Bachelor's, Angular, Agile, Cloud computing, UI, Communication skills, Spring"
Node js developer,Zenith System Solutions Inc.,"Toronto, ON",https://www.workopolis.com/jobsearch/viewjob/uuFA0q4iNiUl3Uu7i6DgwLN4allCCbamZBc35vEj357z_Y8M2d7cFnF2eY8xt5Rh,"Node.js, CSS, React, Web development, JavaScript, Angular, JSON, HTML5"
Front End Developer,Shift Technologies Canada Inc.,"Scarborough, ON",https://www.workopolis.com/jobsearch/viewjob/aEIfIDG3QYElEqTL7m-AGH_1vtKaZIf2a8ownuCI_HyMdbMuUUKcKbz6byyWORXR,
"Front-End Engineer II, CreativeX (Amazon Ads)",Amazon Development Centre Canada ULC,"Toronto, ON",https://www.workopolis.com/jobsearch/viewjob/kuKJCn8QYAvrJE5Uo2pWTmS_eOI21FD-cLxeDyK_bGw4z38XqjbCcXOTnojS_JE3,"Computer Science, React, Bachelor's, Angular, UX, Software development, SDLC"
Software Developer - .NET/C#/React,Moneris Solutions,"Toronto, ON",https://www.workopolis.com/jobsearch/viewjob/c2mcnINjZ29q-hHWqgBb1CtxjO_8wHpVqk7Tuy9y1wRVKSKGUr09SSQp6E4_XU-k,
Full Stack Developer,Accenture,"Toronto, ON",https://www.workopolis.com/jobsearch/viewjob/s_brO30Npk-i5Dz42nBRlyL8jbTFEKypB4yMkujdzGeGtMYwwImcfrcym22VNUFY,"Jira, Spring Boot, Node.js, React, Full-stack development, DevOps, Git, Java, REST, Angular, APIs, Kafka, Jenkins, Spring"
Mobile Application Developer,System Dynamics Corporation,"Markham, ON",https://www.workopolis.com/jobsearch/viewjob/9sHCZtJIWp6vvAGM3aq3ljfBNGcGXOetwxb-dmk5Bp4uLAFtoCyv32-euEh7jqTG,
Front End Developer,ApplyToEducation,"Toronto, ON",https://www.workopolis.com/jobsearch/viewjob/GYb7qQZHpDrEBxczDREpBCmmDkl9t8mMGaFL2iF4hPGnZcHlPpcXof7zhIzpzjvV,"Computer Science, CSS, Bootstrap, React, Engineering, Git, Responsive design, Bachelor's, JavaScript, Version control systems, REST, APIs, UI, jQuery, HTML5"
"Front End and Full Stack Developer (Remote - Ontario, Canada ONLY)",Ample Insight Inc.,"Toronto, ON",https://www.workopolis.com/jobsearch/viewjob/TKq5Pn5QNGhonY7bJCyN9tvQOAR8E-g3-xheGicO-AXLqS5tFcIXq54nLa7tMH4m,"Node.js, Doctoral degree, Computer Science, React, Engineering, Master's degree, Bachelor's, Software development, TypeScript"
Typescript / React Backstage.io Developer,Atlantis IT group,"Toronto, ON",https://www.workopolis.com/jobsearch/viewjob/SGlJvT6Cpuq12hTJbX3zMEtXkdah_Tkf3rdb_TroeibgzeHZVLG28wiDwJv1hN0d,"Node.js, React, Web development, JavaScript, APIs, GraphQL, TypeScript"
Java Developer (Node JS),Zenith Algorithms,"Toronto, ON",https://www.workopolis.com/jobsearch/viewjob/UJVJ_NHGdMCZj_uFBJ_B0dAK1XFmaVYy-vPadUEMMdlO1egoM1LVrps1jrgPrb5V,"Node.js, CSS, React, Java, Bachelor's, JavaScript, PostgreSQL, HP Performance Center, REST, APIs, Integration testing, HTML5"
Full Stack Web Developer,Boffin Language Group Inc.,"North York, ON",https://www.workopolis.com/jobsearch/viewjob/dFm9TC2SHmApO6ORMlXPa4MQpsvHQgFnNJR3dhoOoC8U75jI2BX_D6uCivljVDmE,
Senior Software Developer - React and .Net,AirGate Technologies Inc.,"Vaughan, ON",https://www.workopolis.com/jobsearch/viewjob/_pPRGJEXyDZz4MJgcFd3R6g-r3tj7pJ3Gl2hvl7RZDKveG1C5Yif1yVeIog9BWX4,
Software Developer,William Thomas Digital,"Toronto, ON",https://www.workopolis.com/jobsearch/viewjob/1zlBrNRl2dhsN_4lpbfHC9aUrBSWlsfizSedxFqO5okyD_byOSjSptrJNbNXZLV-,"Node.js, CSS, React, Writing skills, Content management systems, PaaS, Git, SOAP, SQL, AWS, Project management, JavaScript, PostgreSQL, REST, APIs, GraphQL, Heroku, Communication skills, HTML5"
Junior Software Developer,Idea Notion Development Inc.,"Markham, ON",https://www.workopolis.com/jobsearch/viewjob/Cty3CLhyPbibKTucgExHCQzRNuJ3fYT2zlS7GOkWkgsYJFIx3JDq8e1lBmKDCWcd,
Senior Mobile Developer (Java/React Native) on Android,Moneris Solutions,"Toronto, ON",https://www.workopolis.com/jobsearch/viewjob/2vocBKfgKQp8y2ih7ogyHgmsto2airUuoqX0hkcArbhkNZAEcEF_C7IRjyI9OZFl,
Senior Frontend Developer,CSC Generation,"Toronto, ON",https://www.workopolis.com/jobsearch/viewjob/UPK5asObwecpWpebzjmFirXgIyrHyiCVdTmo3g3Xs18Tf0IsPsL8eWyefbaMR5ep,
"Software Developer, New Grad",IXL Learning,"Toronto, ON",https://www.workopolis.com/jobsearch/viewjob/EVlGGIyVe9bkuIHbIfy2jMAb3qRw-0wWWxyJDXzOtOwywhCQxnGoHb9KDipFCDX-,"Computer Science, CSS, React, Git, Java, SQL, Bachelor's, JavaScript, Linux"
Web Developer,KALSOFT,"Mississauga, ON",https://www.workopolis.com/jobsearch/viewjob/iRrZTlTKXhM13KeIXLF8iIn1tzqPQqXlpUxz0aze4Ze1ki4o1SO2nGvjoyStsep9,"Website maintenance, Adobe Photoshop, Node.js, CSS, React, WordPress, Web development, Content management systems, iOS, Laravel, Adobe Illustrator, Magento, Visio, Git, Adobe Creative Suite, Application development, PHP, JavaScript, SCSS, Adobe XD, REST, SEO, Angular, Symfony, APIs, Sketch, Figma, TypeScript, Joomla, jQuery, Debugging, HTML5, MySQL"
E-business Web site developer,Monet Marketing,"Richmond Hill, ON",https://www.workopolis.com/jobsearch/viewjob/oOieFaK2TD0HO9uPbbfkIk5GvGP8IDWfNCMGO-5u4HvMjdlS4fx-i7oGJ8IYJGOj,"Node.js, React, WordPress, Sales, Microsoft SQL Server, Git, English, Java, Ruby on Rails, JavaScript, JSP, Computer skills, JSON, Chinese, College diploma, TypeScript, Python, jQuery, HTML5"
Full Stack Developer,Staples,"Richmond Hill, ON",https://www.workopolis.com/jobsearch/viewjob/xO71XGfMMo66qH4ZJJzFzNZ74Fq-h2o9drrEaxPA9kv4v3oESWyPAH9axtmOk1_i,
Hiring for Full Time React JS with Kumaran Systems - Toronto!!,Kumaran Systems Pvt Ltd,"Toronto, ON",https://www.workopolis.com/jobsearch/viewjob/S8J4rkDr-wHpnDdSezaoZe3xv2eUIyFmA36qJkEN3o-nbeVFqRucfXaZhBaQ_JYL,"Spring Boot, Oracle, React, Enterprise software, Microservices, REST, APIs, TypeScript"
SCALA / JAVA / PYTHON Developer,Veltech Solutions Inc,"Toronto, ON",https://www.workopolis.com/jobsearch/viewjob/-zXgWH16yTfmxdBvjqyODC07YB8EUjV5xvcDXLn9_80Y-9Z5-jl0yEsbnaxe1xlS,"Spring Boot, React, Kanban, Spark, Microsoft SQL Server, NoSQL, Java, Databases, Microservices, SQL, Scala, REST, Scrum, Software development, APIs, Agile, PL/SQL, Communication skills, Python, Hadoop"
Full Stack Developer - FULL TIME (preferred) or PART-TIME,Doc Clik,"Toronto, ON",https://www.workopolis.com/jobsearch/viewjob/WFBPvrRAvnfBWDsSiOFyRbnJMpWBcwI4GGsIER_stW4w0ZGz4NEXoBsmrBnDdBNt,"Node.js, Computer Science, CSS, React, Full-stack development, Mobile applications, Content management systems, iOS, Post-secondary education, Android, Databases, SQL, Ruby on Rails, JavaScript, APIs, Agile, Communication skills, React Native, HTML5, MySQL"
Web Development Intern,CEM Resorts,"Toronto, ON",https://www.workopolis.com/jobsearch/viewjob/YP_YhaQiwKEI5OVkk7DBghgXXM-vmJEJ4khtLveu6jJf-Q-J-kswGzv_7rQC9MoB,"Computer Science, CSS, React, Web development, Responsive design, Bachelor's, JavaScript, SEO, Angular, Communication skills, HTML5"
Front-End Developer AND WORDPRESS,CEM Resorts,"Toronto, ON",https://www.workopolis.com/jobsearch/viewjob/q3fustZVA0v1lXRkt-CXU19ZU1cPXWaiFcp3ZaxUeYDsDyE7L9XDmGX9Lm4UD7w_,"Web design, Website maintenance, Computer Science, CSS, Bootstrap, React, WordPress, Web development, Responsive design, PHP, Bachelor's, JavaScript, SEO, Communication skills, jQuery, HTML5, MySQL"
Senior Full Stack Engineer - React,NielsenIQ,"Toronto, ON",https://www.workopolis.com/jobsearch/viewjob/-7SqMaFHoS17k8mpXryY__9I3pQdcMn0w9lzkcSNKJlzfZIA1qHMZvpEwte3fvua,
Software Developer - Front End,Embross,"Richmond Hill, ON",https://www.workopolis.com/jobsearch/viewjob/BA2VdS-NPF4enWdUHOD7sIrsKt2TbLpMlTX7cCUZ8FpBF5lGslpcXTjh0P0i-Vah,
"Associate Educator, Web Developer",BrainStation,"Toronto, ON",https://www.workopolis.com/jobsearch/viewjob/6M1awSN4WA2jcTpzoFMHed8oFY-ps64-phSP8tKL2ZQSCG7M7f857SML6Jycg52Q,
"Educator, Web Developer",BrainStation,"Toronto, ON",https://www.workopolis.com/jobsearch/viewjob/oBV6VfdJT-OcFEFfR38v37ezJgJOA6OlHe8eA116VfzCEHvtxiZYLwfPWKzp-7UZ,
Front-End Developer,Independence Pet Group,"Oakville, ON",https://www.workopolis.com/jobsearch/viewjob/658VIuH6xz-iKi7SGdDDzF9SRCKG5RXoRRh_67pOWgPHD8C2XKNCAtsfEgYL2ZJl,
Software Developer,Scotiabank,"Toronto, ON",https://www.workopolis.com/jobsearch/viewjob/P6e4oze0zQQrEMqT6y28MsXz669pRio2CeLUis4m9JZbhSMsJ69vlCG6KLUdOk2d,
Web Developer,TV2 Consulting,"Toronto, ON",https://www.workopolis.com/jobsearch/viewjob/kBeSwIAYcw5LgGD11gCmPbad8ByIxpTvNV_ZdPWcovKQitty0E7svy2FpGiFHbkV,"Web accessibility, Node.js, CSS, React, Web development, NoSQL, Java, SQL, JavaScript, Angular, APIs, Vue.js, Python, HTML5"
Full Stack Developer (Nodejs),Remitbee Inc,"Mississauga, ON",https://www.workopolis.com/jobsearch/viewjob/Tfj98SCsayJ8QCJrUDtjk4ycKXCCPL4I2yCaswmB0e6eQsPM-u5cq-bE2lMJCR-E,
"Front-end Developer, Contractor (3-month)",The Canadian Press,"Toronto, ON",https://www.workopolis.com/jobsearch/viewjob/857inZDS0jjS8_jL9omEtcHyBUu0KJsOWJ2wQrEa1WFyz20a_D_UWzSoULQP06i1,"Web design, Computer Science, CSS, React, Databases, Bachelor's, JavaScript, Redis, Angular, Django, UX, APIs, Flask, Communication skills, Python, HTML5"
Backend Developer (Node and Java),Stellar Elements,"Toronto, ON",https://www.workopolis.com/jobsearch/viewjob/bcEVBRGmmqgaxk6-2S6IPdPulBCci2GUgZf63DwZ08wDhtOqLq87yhh8bSxI-4Xg,"Node.js, CSS, React, Java, JavaScript, PostgreSQL, REST, APIs, Integration testing, HTML5"
Senior Front End Developer,Monzek Consulting,"Toronto, ON",https://www.workopolis.com/jobsearch/viewjob/WcpXINVgpDn_GQ7pgqM-ZopcXyUchR7Pzbyz_6UHTLFvOUtoTBvhFnjlFkjbRj7r,"Web accessibility, AJAX, ASP.NET, Azure, CSS, React, Web development, Relational databases, DevOps, .NET Core, C#, Git, DEC, Application development, SQL, JavaScript, SCSS, SASS, REST, Scripting, Angular, SharePoint, APIs, Associate's degree, TypeScript, Communication skills, Python, jQuery, HTML5"
Software Developer Co-op (Fall 2024 - 8 months),Intuit,"Toronto, ON",https://www.workopolis.com/jobsearch/viewjob/I-il6M3a3uRmA8UwRlXM6mrGntqt_tHJKJJaxpiS_YGJNbb6Tw3IehCsMf1tJiQG,"Computer science, Computer Science, React, Engineering, Post-secondary education, Java, Machine learning, JavaScript, Product management, Agile, AI, Python"
Junior Software Developer - Full Stack,Intelliware,"Toronto, ON",https://www.workopolis.com/jobsearch/viewjob/Skv14Sy6rbJdyR43bJu8YKlFiO3oCBF1ZHSxV-1VklxDDCXVlN7UAaFhAE-swGk_,"Computer science, Kotlin, Azure, Node.js, CSS, React, XML, Data structures, Spark, UNIX, NoSQL, PaaS, MongoDB, Java, SQL, AWS, JavaScript, Distributed systems, Angular, Agile, Linux, Kafka, Spring, HTML5, Hadoop, Design patterns"
Full Stack Developer,Annex IT solutions,"Toronto, ON",https://www.workopolis.com/jobsearch/viewjob/zUXe6dSKb1lmlYcxu9flDrkOWQic1vKpXq8Yk2fsq5Ghn1nbL8H-x-sHEHL4x0pD,
Software Developer Co-op (Fall 2024 - 4 month),Intuit,"Toronto, ON",https://www.workopolis.com/jobsearch/viewjob/qi4Dfs7QGcb4t2VDRakh5NPyIyS75W1F2XnR80ahkmt7g_2Tv5D5Gw4PUQz5axio,"Computer Science, React, Engineering, Post-secondary education, Java, JavaScript, QuickBooks, Python, HTML5"
Senior React Full-Stack Developer,Method:CRM,"Toronto, ON",https://www.workopolis.com/jobsearch/viewjob/flhwTtLQWzKX19Q1tXGh4ioXjmPmZAJbwIQ6x2jk9FwITSprkfjvFhzXpVd-tKPr,
Senior Full Stack Developer,Fastr,"North York, ON",https://www.workopolis.com/jobsearch/viewjob/zPNAFdlySrM2c63cxkydWEcaN98fo9sJ_HnIScdPZFbJ4rIV7N1B4PPrViRvvUbZ,"Node.js, Computer Science, CSS, React, Web development, XML, English, E-commerce, Performance testing, Master's degree, PHP, AWS, Bachelor's, JavaScript, Angular, APIs, Integration testing, Communication skills, jQuery"
Full-Stack PHP Developer,Newcom Media Inc.,"Etobicoke, ON",https://www.workopolis.com/jobsearch/viewjob/gkG0AA-l9p40h8pWFXdTIU--GtcSiKP2sSazAqb1MFW_aTaZbHutDQTSc2CaSJKR,
Front-end Developer,Wisedocs AI,"Toronto, ON",https://www.workopolis.com/jobsearch/viewjob/QnfRtxNEnV5HwUjXGP5WYnM0a8xHw6CaWMCpDxsOP21Qr-bGgbtuqJwyWbBtcsAD,
React Native Developer,Smart-One Solutions,"Richmond Hill, ON",https://www.workopolis.com/jobsearch/viewjob/N3UEJPmeilICHp7Tp02_I6c_OUzE93HFfsgJUxrXc45IrRCnmJdA-c05qkI8gw1f,
Lead Java Developer,Triveni IT,"Toronto, ON",https://www.workopolis.com/jobsearch/viewjob/DPdnam625VErMdQ-OB5O2yaamgXW3ziObsFSGh7-o98F8lYjnPVZQZdXhAQnb_PT,
Senior React Developer,S&P Global,"Toronto, ON",https://www.workopolis.com/jobsearch/viewjob/U-j6je-9u_IMhiTYXTVa0lbf0nh8cSEMCjpvXgktJWhGyqCrMxluTX0kHlO3oVS8,
Senior Mobile Developer (React Native),Lightspeed Commerce,"Toronto, ON",https://www.workopolis.com/jobsearch/viewjob/5wpMD40dKEpPCjCXYOW01Ct35Ko6KYrKM_hkEfaxK2VWvtG6mi8u2EAI09LXfZnK,
Intermediate Software Developer (Remote First),Zensurance,"Toronto, ON",https://www.workopolis.com/jobsearch/viewjob/GINeYVDK2-OkoAw0Mt4WIVZkNPCy9eeXt2MMiHaBzGY6caMqWiLuCXgfprOZ1Y1U,
Senior Full Stack Developer- Python and Vue.js (GCS),Royal Bank of Canada,"Toronto, ON",https://www.workopolis.com/jobsearch/viewjob/tsecKJgDtw-_2OIeDKR9HmCjQaxLiDgmwPbfCeGwhel34Ce4GIit1Cr2YCTUD5ED,"CSS, Bootstrap, React, Web development, NoSQL, Databases, SQL, Docker, JavaScript, Angular, Django, Agile, Vue.js, Python, jQuery, HTML5"
java full stack developer with angular,Tekshapers Software Solutions Pvt Ltd,"Toronto, ON",https://www.workopolis.com/jobsearch/viewjob/-wyomPZSdaock7DmgVp9w9xQ55UOW0mkz1s56k5o3HUtjUiJbGnemv-NFSh89lJl,
"React Native Developer (remote, open roster contract opportunity)",Crowdlinker,"Toronto, ON",https://www.workopolis.com/jobsearch/viewjob/0tTGCTcNjZ2QsOwK9nKx07yd3NBNCgAfVCWXHEX2-8sWamSZrxAn67QvDlrD0N9m,"Jira, Kotlin, Node.js, React, iOS, Laravel, NoSQL, Git, Test-driven development, MongoDB, Android, Databases, SQL, Analysis skills, PostgreSQL, Version control systems, Continuous integration, Redis, SDKs, Usability, REST, GitHub, APIs, Project management software, Agile, Unit testing, DynamoDB, Vue.js, Swift, Android development, Communication skills, React Native, MySQL"
Sr. Full Stack Developer,ConnectED Labs,"Toronto, ON",https://www.workopolis.com/jobsearch/viewjob/Y_ZYtqW5SJC7lxg6Xv_SdtmsCkXekKyudUEIA6LLoaS587o_VpDExIPN3Zg-lCca,
front-end developer,PowerHub Inc.,"Toronto, ON",https://www.workopolis.com/jobsearch/viewjob/D1_Hm5C1PWRXEZgUbkVVKTTEoCGyh8l5i6WZkVtmosnhiF-JB9yzpRQmfy17J6UB,"React, English, Computer skills, Vue.js, College diploma"
Junior Full Stack Developer,Markdale Financial Management,"Toronto, ON",https://www.workopolis.com/jobsearch/viewjob/CqtaV1WFbWivJ3TgdE6pL1rQdCGleK-0rS04KemuhmFwpk06a7qNqyHi-LaS2wad,"Node.js, Computer Science, CSS, Bootstrap, React, Web development, JavaScript, REST, GitHub, APIs, Linux, JSON, HTML5, MySQL"
Software Developer - Full Stack,Intelliware,"Toronto, ON",https://www.workopolis.com/jobsearch/viewjob/qDC3iDyoTtrnKjit2cEQpqlRIZQguHfJuz0yOz02Om7jfGcKKln6pmTQO_WJp3It,"Computer science, Kotlin, Azure, Node.js, CSS, React, XML, Data structures, Spark, UNIX, NoSQL, PaaS, MongoDB, Java, SQL, AWS, JavaScript, Distributed systems, Angular, Agile, Linux, Kafka, Spring, HTML5, Hadoop, Design patterns"
Full Stack Developer,Konrad,"Toronto, ON",https://www.workopolis.com/jobsearch/viewjob/1XgFQfGrCGFcxkaHbFzyBRpbu7SWGlLxRrOQrFm4CqqbwMOfVrmCDdz5-H8W4J2y,
Full Stack Developer,Evenica Corp,"Burlington, ON",https://www.workopolis.com/jobsearch/viewjob/9CGVLPhqXeTl8Vddl1nI1330MBG_4B3h1TjrNwY0WbEFpmkHXA_YF9nm4cYf8ZDi,
"UX/UI Designer (remote, open roster contract opportunity)",Crowdlinker,"Toronto, ON",https://www.workopolis.com/jobsearch/viewjob/U_J3sCl4tpQ62zuzpuuFBO54ccXcZvmBajNbmdjdXtoX8ypgRn5wXDFsZFF-cG3j,"Typography, CSS, React, WordPress, Mobile applications, iOS, Android, UX, Agile, Design thinking, Budgeting, Interaction design, Figma, Communication skills, HTML5, Digital design"
WordPress Developer (Full Stack),Uncanny Owl,"Toronto, ON",https://www.workopolis.com/jobsearch/viewjob/FtjypGxNRYRnfH_oeIS2Dn9FzXGCIgjGihtWHIo37dkaLXj718cmAD2CEQRR-xQs,"UI development, CSS, React, WordPress, DevOps, Git, Test-driven development, English, UI design, PHP, OOP, JavaScript, SCSS, REST, UX, MailChimp, GitHub, APIs, HTML5, MySQL"
Senior Full Stack Software Developer,TouchBistro,"Toronto, ON",https://www.workopolis.com/jobsearch/viewjob/rDG3fHYJYsQJYFWTsETK6twhTHhwSL4EgfdIMGDNMYcIiEknJkphZyPDU_AwGNcY,
Senior Mobile Developer (React Native),Lightspeed,"Toronto, ON",https://www.workopolis.com/jobsearch/viewjob/5uZysG_M7QZqlhC0k00uQsSHLb-cAFOuBSFl8fIBZp4MGVZEVsou1gC3ur52A7Wy,
Mobile App Developer,Shift Technologies Canada Inc.,"Scarborough, ON",https://www.workopolis.com/jobsearch/viewjob/ZnL82CbzKHuu2K5dviMfwX0UAzQC27Mf2SMv8ABjQoctqDvaVIVbXPcbDtLmuHqg,"iOS development, Mobile applications, Git, English, Application development, Flutter, Bachelor's, Version control systems, REST, APIs, JSON, Android development, React Native, Debugging"
Web Applications Developer,TV2 Consulting,"Toronto, ON",https://www.workopolis.com/jobsearch/viewjob/VcmDekha-DLR7TmZzS4PNbDYcklYWqQwcnTBpzQf-zfyd7SCkQfQ4VsHae40G1DH,"Node.js, Computer Science, CSS, React, Web development, Laravel, Databases, SQL, PHP, Bachelor's, JavaScript, Angular, Vue.js, Communication skills, HTML5"
Senior Java Developer,Denken Solutions,"Toronto, ON",https://www.workopolis.com/jobsearch/viewjob/MHPFBGOlBLon0iPG-8pitURPQfF8Buow2bqj9x8OsHTZBPvZXzHhXq_QfS7a15n-,"Azure, Node.js, Computer Science, React, Git, Google Cloud Platform, Java, Databases, Microservices, AWS, Bachelor's, JavaScript, Angular, Project management software, Agile, Kafka, Python, Information Technology"
"Full Stack Developer (remote, open roster contract opportunity)",Crowdlinker,"Toronto, ON",https://www.workopolis.com/jobsearch/viewjob/xZRc4NxhnjtGGBThmC65HX8GVh4ZbNzIfTSM-91EBNgwaU0jWQuzQrMXOLlJJzrg,"Jira, Web design, Kotlin, Azure, Cloud architecture, Node.js, CSS, Bootstrap, React, Mobile applications, iOS, Laravel, NoSQL, Git, Test-driven development, MongoDB, Responsive design, Android, Application development, Databases, SQL, Analysis skills, JavaScript, PostgreSQL, SCSS, Version control systems, Continuous integration, Redis, SDKs, REST, Redux, GitHub, APIs, Project management software, Agile, Unit testing, DynamoDB, Vue.js, Swift, TypeScript, Communication skills, React Native, MySQL"
Lead Java Developer,GalaxE.Solutions,"Toronto, ON",https://www.workopolis.com/jobsearch/viewjob/AB0ALv93qFArEAROsHwmh-3roVhdfO7ylnEUQOwpX5Vs6i6vvYcjowm-JWm_ZLwn,"Jira, React, DevOps, R, Java, Microservices, SQL, OOP, Machine learning, REST, Angular, Vue.js, Business requirements, PL/SQL, Python"
Senior Software Developer,Blue J,"Toronto, ON",https://www.workopolis.com/jobsearch/viewjob/Tv8U3_NmnQTPhn833sKHK0Kl-GXHwwcLw1gnk5MgIGBD1DI4UoDtsguMF8O8-mo7,
Full Stack Engineer,Rush Street Interactive,"Toronto, ON",https://www.workopolis.com/jobsearch/viewjob/X8a-JH5VdenXvA0EtULwLZWqoPN9jUlr5p5zQcPExSz9OdVwKzfLlTwwhRiVUqIJ,"Gradle, React, Kanban, iOS, System design, Test-driven development, Android, Java, SQL, Docker, Product development, JavaScript, Distributed systems, REST, Angular, APIs, Agile, Web services, Kafka, Service-oriented architecture, Android development, Leadership, TypeScript, Communication skills, Spring, Hibernate, Design patterns"
Full Stack Sr Application Developer (Remote within Canada),Red Label Vacations,"Toronto, ON",https://www.workopolis.com/jobsearch/viewjob/4HckYKjmrjTWnsvP0WTf-O4NDFOFbWc__OrBsGqpk6DHC8HWZbVGmWZxn8IPAoyZ,
"Web Developer, Full Stack",Survalent,"Brampton, ON",https://www.workopolis.com/jobsearch/viewjob/NjxYyZ0mMMl7IRjGabrcvfHoj0UfHjjA6i07PcuCsmJIv_qS-GSKZnSR3yrseKSQ,
software developer,Cloud Way Solutions Inc,"North York, ON",https://www.workopolis.com/jobsearch/viewjob/8nWbFsJAVviYUQv9_2g8whLt0XtLuzkL5U-S2u4kucBECY9LLU9BZPBYU155sdV0,"Oracle, CSS, React, XML, Microsoft SQL Server, English, Java, OOP, Bachelor's, JavaScript, APIs, Computer skills"
Front End Developer,AI Financial Power Group,"Richmond Hill, ON",https://www.workopolis.com/jobsearch/viewjob/0_W277SlLsw2rsIG_j1AthNps6D5URCNNPDEBHQF2Zr5pArQbR7RmtYW9megt48V,
Senior Full Stack Developer (6-Month Contract),Jeevan Technologies,"Toronto, ON",https://www.workopolis.com/jobsearch/viewjob/CBfsFraM9VrkGQnF5InZTVJ5atyToEsw1PsrYUmXVnymqRQEvfAehYDrvOZcY6gX,"Jira, React, Git, English, AWS, Docker, Bachelor's, PostgreSQL, Terraform, APIs, Unit testing, Python"
Senior Web Developer,Knix,"Toronto, ON",https://www.workopolis.com/jobsearch/viewjob/eJ5drjJx2PQPTPFwnpGO98eHkHzcpjkcVet1J_b-89qwxKh3IKRruQq3woAWGo0e,"React, Web development, APIs, Unit testing, Business requirements, Spring"
Full Stack Web Developer,Coca-Cola Canada Bottling Limited,"Toronto, ON",https://www.workopolis.com/jobsearch/viewjob/wjxJrohcbc5fUZl2sewhj_8fuLPYAO9uNwE9R-dI2uuC6-gcZencTnFpvgTZood1,"Azure, Cloud architecture, Node.js, Computer Science, CSS, React, D3.js, NoSQL, Git, MongoDB, Responsive design, UI design, Tableau, Databases, SQL, PHP, Analysis skills, Bachelor's, JavaScript, PostgreSQL, Redis, Usability, REST, Angular, UX, GitHub, APIs, UI, User research, Data visualization, DynamoDB, Vue.js, Communication skills, Python, Information architecture, HTML5, MySQL, Data Science, Analytics"
Senior Software Developer,Staples,"Richmond Hill, ON",https://www.workopolis.com/jobsearch/viewjob/ciKlam4B0pBJCvux9AooaMNICs6MOxIkTqvC1PW---JiNc1dSbqIfKCgVnu2oKFM,
"AEM UI Developer - React.js , jQuery - 10yers Experience",Atlantis IT group,"Toronto, ON",https://www.workopolis.com/jobsearch/viewjob/qC2X5FynUFl-GRu0cygI5_-5XyryF0iHdwhkg3pq-a6dw7EmWtx4sAPbYsPz9GwU,"Web accessibility, Node.js, CSS, Bootstrap, React, Web development, XML, DevOps, Git, Analysis skills, JAWS, JavaScript, Requirements analysis, SASS, REST, Angular, APIs, Adobe Experience Manager, Agile, Adobe Marketing, UI, JSON, Unit testing, NVDA, Jenkins, TypeScript, Communication skills, jQuery, HTML5"
Senior Full Stack Developer,Intuit,"Toronto, ON",https://www.workopolis.com/jobsearch/viewjob/fV13wp_5pe1l2yIpzNwp9xe46DeQvviv-IqmRhjPek-OX_IUZaLhZkTYfnTiuybd,"Spring Boot, Computer Science, React, Full-stack development, Big data, Test-driven development, Java, Master's degree, Bachelor's, JavaScript, Scrum, Software development, Agile, Unit testing, SDLC"
Senior PHP Developer,Software International,"Toronto, ON",https://www.workopolis.com/jobsearch/viewjob/pTRmZ5AXekHkcWLBXFnFoHxPtBnYRRW6vWfm5qrVMJWcuOy_mkMzu6AvP-Hj_uFX,"Elasticsearch, System administration, CSS, React, Laravel, Git, English, Microservices, PHP, OOP, AWS, JavaScript, RabbitMQ, REST, Symfony, APIs, Linux, JSON, Communication skills, HTML5, MySQL"
Team Lead - Software Development,Staples,"Richmond Hill, ON",https://www.workopolis.com/jobsearch/viewjob/NdDxrusBaf7Yf2Rj4Oj_op3GNmU5dgXp-GkwqdylKfRe6xzEv_YBve7IUNmJfdTq,
Full Stack Web Developer,ActivateIT,"Greater Toronto Area, ON",https://www.workopolis.com/jobsearch/viewjob/TXMpqrTApBaag5KD1EXEm0Uzqr00BHLXow18Bdccqr1-D9LUMi0r5bEWhH9JGEQ7,"Web accessibility, Computer Science, CSS, Software Engineering, Bootstrap, React, WordPress, XML, Engineering, Post-secondary education, UNIX, PHP, JavaScript, Angular, APIs, JSON, jQuery, Debugging, HTML5, MySQL"
Senior Full Stack Developer,Talcura Technologies Inc.,"Toronto, ON",https://www.workopolis.com/jobsearch/viewjob/Kjbk0QGYRP41Ti9_PXr-6vo3AohDU9VB2RZFZxVj5mz-IPUhQFTZuzV1clrUdIXr,"Authentication, AJAX, Azure, MVC, Computer Science, CSS, Software Engineering, React, Engineering, .NET Core, Visual Studio, C#, Git, .NET, SQL, Bachelor's, SVN, REST, Angular, Software development, APIs, JSON, TFS, PowerShell, Active Directory, HTML5, Analytics, Design patterns"
Staff Software Developer,WELL Health Technologies Corp,"Toronto, ON",https://www.workopolis.com/jobsearch/viewjob/pP83O_nA8bEoDhig-ErB5EhLMxp6wbljsC7yx2SwF1qyLDaAee-Qmn_ETZuANSNb,"Microsoft Excel, Azure, Node.js, JUnit, Electronic medical records, React, Full-stack development, Git, Java, SQL, JavaScript, Angular, EMR systems, Software development, Unit testing, Spring, Hibernate, MySQL"
Software Developer,Discovered Intelligence,"Toronto, ON",https://www.workopolis.com/jobsearch/viewjob/D3mzPSzKzsJ_q16uBBRRPD29xcQw4shmLf5ohCcdb4OHj2UQrnjUeK8kaousGznu,
Software Developer (Content Trust Team),Loopio,"Toronto, ON",https://www.workopolis.com/jobsearch/viewjob/qFDXuonBViLUYogwKJGJsukkl24G9S1wEHf1Gc_J7Af66BJT0iV6I7-WJwCmiIK6,
Senior Software Developer,WELL Health Technologies Corp,"Toronto, ON",https://www.workopolis.com/jobsearch/viewjob/CYcDnyKPxWuKkaJlrbcshzZpZ07ib_AvC-D4rG0ITwSFnyrD23es-V4qs_vn8X33,"Microsoft Excel, Azure, Node.js, JUnit, Electronic medical records, React, Full-stack development, Git, Java, SQL, JavaScript, Angular, EMR systems, Software development, Unit testing, Spring, Hibernate, MySQL"
"Typescript, Backstage.io Developer",Atlantis IT group,"Toronto, ON",https://www.workopolis.com/jobsearch/viewjob/Y1LKMOz8olnK9yUw126fe85Tsg7OUoI9HSlKi8ueV2MoZ64NWKJE5WYZPYgrZgBB,"Node.js, React, Web development, JavaScript, APIs, GraphQL, TypeScript"
software developer,G9SIGMA INC.,"Toronto, ON",https://www.workopolis.com/jobsearch/viewjob/WmfSNIrkaGAQxKb0CnF_pOlcgUPp4If6NMnqXBtolO50ZKXqG91bZkncNJiz25Of,"AJAX, CSS, React, Git, English, Windows, .NET, Java, SQL, OOP, Bachelor's, JavaScript, JSP, Angular, SharePoint, Computer skills, Eclipse, Groovy, Communication skills, Python, React Native, Shell Scripting, jQuery, HTML5, MySQL"
Java Developer,HANKER SYSTEMS PRIVATE LIMITE,"Toronto, ON",https://www.workopolis.com/jobsearch/viewjob/HNCo1dMo0ERdbQsnpmakoDXK7fQFjlvblCVEsK7tCqBnz2ZqSmK7UKUnZu8G-myg,"CI/CD, Oracle, Cassandra, React, Web development, DB2, UNIX, Git, MongoDB, Java, OOP, Bachelor's, Angular, Linux, Spring, Hibernate"
Senior Java Script Developer,AstraNorth,"Toronto, ON",https://www.workopolis.com/jobsearch/viewjob/X4PeaYDRzUEKb5jmHi7wZOBwH1HIfftSjrDsEJh76pByYh4Ii0wIcnvuhgSTX-DB,"CI/CD, Oracle, Cassandra, React, Web development, DB2, UNIX, Git, MongoDB, Java, OOP, JavaScript, Angular, Linux, Spring, Hibernate"
Software Engineer,Morningstar,"Toronto, ON",https://www.workopolis.com/jobsearch/viewjob/gZD7MOp3W8ges58P5CvW79UUezctZuGhcsgU4JJ3KXzmY0kEJM3aO5RhwxjEMNxB,"Spring Boot, Node.js, CSS, React, Full-stack development, Microsoft SQL Server, Java, Databases, SQL, AWS, JavaScript, PostgreSQL, Angular, Organizational skills, APIs, Financial services, Communication skills, HTML5, MySQL"
"Senior Full Stack Developer, FE",Intuit,"Toronto, ON",https://www.workopolis.com/jobsearch/viewjob/OiAu99zx0ZAD0PQDmaQO2E6K-ZhPxEwcA4yrljCRvpyuGJQlH7ieTegNZ8SvI0eV,"Microsoft Powerpoint, CI/CD, Node.js, Computer Science, CSS, React, Kubernetes, Big data, Mobile applications, Test-driven development, SOAP, AWS, Bachelor's, JavaScript, REST, Scrum, Software development, Agile, Web services, Unit testing, Marketing, HTML5, SDLC"
Senior Fullstack Software Developer (Node. JS & React),Lightspeed,"Toronto, ON",https://www.workopolis.com/jobsearch/viewjob/iWRGergbO-veL_42sWMkLzxoi-BtlCdBae9TF02By0DXdyWFcrCcH0wRKCQvJnF6,
Hiring for a Full-Time Position at Kumaran Systems for a Python Developer- Toronto Location,Kumaran Systems Pvt Ltd,"Toronto, ON",https://www.workopolis.com/jobsearch/viewjob/YRXGIEXVxhAKIiaHZ_FJqREvwfBsXSfX-eccTsl6I4C9Fx6_LGJ_wzS0A2IvJo_s,"TensorFlow, Azure, React, Kubernetes, PyTorch, UNIX, OOP, JavaScript, Natural language processing, Angular, APIs, Keras, AI, Leadership, Communication skills, Python, Shell Scripting, HTML5, Design patterns"
Programmer Analyst Advisory - React.js,Scotiabank,"Toronto, ON",https://www.workopolis.com/jobsearch/viewjob/yRo9sZ6QM0zER59UExqoV1CZqJx2WsctQGbeDNt7Y0UauWt3LzVV8UFtnzXlD5l7,
Software Developer Front End 7657-0810,Foilcon,"Toronto, ON",https://www.workopolis.com/jobsearch/viewjob/rx87FAa3fcCD2eZXmG7VT6XUtA1AFa-Mpmt6FSRAMi7mKKwA1ZiaBy7o8_B0XIOP,"Web accessibility, AJAX, ASP.NET, Azure, CSS, React, Web development, Social media management, Relational databases, Writing skills, DevOps, .NET Core, C#, Git, Application development, Databases, SOAP, SQL, JavaScript, SCSS, SASS, REST, Angular, SharePoint, Software development, APIs, UI, TypeScript, Communication skills, Information management, Python, jQuery, Negotiation, Debugging, HTML5, SDLC"
Sr. Software Developer,Propel Holding Inc,"Toronto, ON",https://www.workopolis.com/jobsearch/viewjob/Oz0r_B_UFfX2uasXy1u1UR42I7paaRsXzXq58G3bo4foOFbxgrUbMKnRygT2zfqF,
Full Stack Developer,AtkinsRéalis,"Mississauga, ON",https://www.workopolis.com/jobsearch/viewjob/rfT8Tmd5IAMOnJ17wZebHZl15TXjFOKbOPKyrFZbTdEBYljk6vfICysqOoOi1wfh,"Node.js, Computer Science, CSS, React, XML, Full-stack development, DevOps, Mobile applications, Engineering, C#, MongoDB, UI design, Java, Application development, Databases, Cloud development, JavaScript, Angular, Organizational skills, APIs, Apache, SaaS, Communication skills, Python, jQuery, MySQL, Time management"
Senior Software Engineer Canada Remote,Motorola Solutions,"Toronto, ON",https://www.workopolis.com/jobsearch/viewjob/RDpDgXC0EduvkVzHJDfgLDFtY6rC5pBywuP37EvagN-P9V2chXN7PJDjREXocQeR,"Azure, Node.js, Software Engineering, React, Engineering, Google Cloud Platform, AWS, Bachelor's, Machine learning, Network protocols, REST, Natural language processing, Recruiting, APIs, Vue.js, Communication skills, Analytics"
Senior Software Developer (Content Discovery),Loopio,"Toronto, ON",https://www.workopolis.com/jobsearch/viewjob/CCMKBlmK2HP6-IQjpHpte2ZJ1oIfZB1m1HRxeF7c8trzMe757HLTCGv06pnv1fVx,"Elasticsearch, React, Java, Database design, PHP, AWS, JavaScript, REST, Software development, APIs, Python, MySQL"
Senior Full Stack Developer,Blanc Labs,"Toronto, ON",https://www.workopolis.com/jobsearch/viewjob/_caSA_mcak30W-4iXj6ys6-UmabPG_m2bXIFpaVDEU1wmi7ImVXGbKCf3UJBU7H1,"Web design, Spring Boot, Authentication, Azure, Oracle, Computer Science, JUnit, Bootstrap, React, Bamboo, Relational databases, Git, Google Cloud Platform, Responsive design, Java, Application development, SQL, AWS, Analysis skills, Docker, SSL, Cloud development, JavaScript, Version control systems, REST, Angular, GitHub, APIs, Vue.js, Leadership, Jenkins, GitLab, Communication skills, Spring, MySQL, SDLC"
"Full Stack Developer (REACT, Java)",407 ETR,"Woodbridge, ON",https://www.workopolis.com/jobsearch/viewjob/HEhEs7baqiWSQ-LcHxKLOHKoGaH33SjgclpTMsCDjS0AUDWk5gCh6TheZNkTZaM3,"Spring Boot, UI development, Cloud infrastructure, Oracle, Node.js, Computer Science, CSS, React, Test-driven development, Java, Databases, Microservices, SQL, AWS, C++, Bachelor's, Continuous improvement, JavaScript, Scala, Continuous integration, REST, Redux, SEO, Scrum, GitHub, APIs, UI, Test cases, Apache, JDBC, Redshift, DynamoDB, Pair programming, Communication skills, Spring, HTML5, Information Technology, Design patterns"
Senior Full Stack Developer,Seven Hills Technology inc,"Toronto, ON",https://www.workopolis.com/jobsearch/viewjob/QnwITYKBF5Zlb5g1dGSZG9I_jF2REAjZrC7Yltl_rWKl3o1s6mER7m8oWVSNPNeV,"Jira, React, Git, AWS, Docker, PostgreSQL, Terraform, APIs, Unit testing, Python"
Senior Developer,CI Financial,"Toronto, ON",https://www.workopolis.com/jobsearch/viewjob/l3kcm0VEdJTSAWNgzAsYhP7CgSrmKoCm6dLyXC7t41wKzCq2_TYYTxyXfiuN6h4j,
Web Application Developer,TemboSocial,"Toronto, ON",https://www.workopolis.com/jobsearch/viewjob/seAKrHNECKm8npKtKMu4LX0DB1MsGzG417QVDDMdxRMlO4YZysoYuu_KwHX5qv5o,"UI development, CSS, React, Git, Test-driven development, JavaScript, REST, Scrum, Agile, Web services, UI, Unit testing, LAMP stack, Communication skills, jQuery, HTML5, MySQL"
INTERMEDIATE WEB DEVELOPER,AXIS Database Marketing,"Mississauga, ON",https://www.workopolis.com/jobsearch/viewjob/cP2xPqb-cp1hEVmwnugIwqRpwSG4WG607YhZ4n3nWt-atdaPphDhK04EzSG8en1i,"Backbone.js, AJAX, ASP.NET, Computer science, Computer Science, CSS, React, Web development, Relational databases, C#, Microsoft SQL Server, Databases, SOAP, SQL, PHP, Bachelor's, JavaScript, REST, Angular, APIs, Communications, JSON, College diploma, Adobe Acrobat, jQuery, HTML5, Design patterns"
Principal Software Developer,Intuit,"Toronto, ON",https://www.workopolis.com/jobsearch/viewjob/7rSEkx_gvmYe0eGgwh_qgsusSWwKE_hLaB16GH7JQWPFuq-z02W9p3gm4i22X0ww,"Kotlin, Node.js, Computer Science, React, Full-stack development, iOS, Google Cloud Platform, Java, Master's degree, AWS, Analysis skills, Bachelor's, Distributed systems, Angular, Cloud computing, AI, TypeScript, Communication skills, Python, Spring, High availability"
Full Stack Developer,PTS Consulting Services,"Toronto, ON",https://www.workopolis.com/jobsearch/viewjob/rhLexnK4QYeoRVBardcBCW81ddOL1eBEoL9baBjFmDIAeYw-5BlJdBVQ4iDilch2,"Azure, Node.js, Computer Science, CSS, Software Engineering, React, Web development, Full-stack development, Relational databases, Engineering, NoSQL, Git, MongoDB, AWS, Analysis skills, Express.js, Bachelor's, JavaScript, PostgreSQL, REST, Angular, Software development, APIs, Agile, Front-end development, S3, HTML5, MySQL"
Senior Full Stack Developer,Monsters Aliens Robots Zombies,"Toronto, ON",https://www.workopolis.com/jobsearch/viewjob/hGl-l7K4l2zMAFSJbtzDmWS3U8SE-canA19_VZ2RKZqDYsHp0qM4knP4WmLXsgSX,"CI/CD, Azure, Computer Science, React, Kubernetes, Web development, DevOps, Engineering, NoSQL, Git, Google Cloud Platform, Databases, SQL, AWS, Docker, Bachelor's, Machine learning, Version control systems, Terraform, REST, APIs, Web services, Integration testing, Canvas, TypeScript, Python, HTML5, Computer graphics"
Azure Developer,Tekshapers Inc,"Toronto, ON",https://www.workopolis.com/jobsearch/viewjob/01Hm6fb9q5oPlLEo8RCiUaV_FVG07Q8mJvwjpjNeXYKe9Gj4Omt2D_Aok6c76sEJ,
Senior Software Developer - Full Stack (Contract),Intelliware,"Toronto, ON",https://www.workopolis.com/jobsearch/viewjob/yc4eR5mfUYS0WzTvu6kfAj4KP2E6_lb8AbiHcQRlrAGXAC1to1PyEsMBHPA_iEbW,"Computer science, Kotlin, Azure, Node.js, CSS, React, XML, Data structures, Spark, UNIX, NoSQL, PaaS, MongoDB, Java, SQL, AWS, JavaScript, Distributed systems, Terraform, Angular, Agile, Linux, Kafka, Spring, HTML5, Hadoop, Design patterns"
Full Stack Java Developer,Eclerx,"Toronto, ON",https://www.workopolis.com/jobsearch/viewjob/Szpxkvvf12lKbo_Qwv3SF7d-jRjGHzXbUbKC9mGN05uFaaGpOh56INhD76_v5mLI,"Oracle, Computer Science, React, Full-stack development, Relational databases, Java, SQL, OOP, Bachelor's, JavaScript, REST, Angular, APIs, Ext JS, Communication skills, Spring, Information Technology"
Site Reliability Engineer,Scotiabank,"Toronto, ON",https://www.workopolis.com/jobsearch/viewjob/Z1BlJRzqBAub0hn6iJbn-eVwS6J2JsJDV5tE2kEpQraBMR-gFKITVt1B7TxfAiz8,
Software Engineer,Scotiabank,"Toronto, ON",https://www.workopolis.com/jobsearch/viewjob/QZNB_61EPmZG_nwd4TiAqCMTZ7g0YnZ69Dj0ZQFZoULaMuVcloPAx0-jBeivezpg,
"Back-end Developer, Contractor (3-month)",The Canadian Press,"Toronto, ON",https://www.workopolis.com/jobsearch/viewjob/Ep4h8Ogzo5qoiZDzA8nnHbhofQq-1CGBmeecJaLX8_a4XEcTTpV6N3zfjgRg01KM,"Node.js, Computer Science, React, Engineering, C#, System architecture, NoSQL, Git, MongoDB, Databases, Microservices, SQL, AWS, Database management, Bachelor's, JavaScript, REST, Scripting, Angular, GitHub, APIs, Web services, DynamoDB, Communication skills, Entity Framework, Python, MySQL"
Full Stack Technical Lead (Remote or Hybrid),Red Label Vacations,"Toronto, ON",https://www.workopolis.com/jobsearch/viewjob/GTRsM7a7gE2mCxrIFl28vdzf-_sXQ-YK7Up7dehtXoTz_j4RlAmn8uL0FvuWpxYd,
Software Engineer - Mobile Platform,Samsara,"Toronto, ON",https://www.workopolis.com/jobsearch/viewjob/djG8AySOnOU17EiW6CXwEP9hgnnTYm0SwSoplcE7-W6zgBMLUmeK0ZcsIX8vODKj,"Computer Science, React, Engineering, iOS, Bachelor's, Usability, Redux, Software development, GraphQL, TypeScript, React Native"
"Manager, Software Engineering - Frontend Foundations",Jobber,"Toronto, ON",https://www.workopolis.com/jobsearch/viewjob/Sb7zeBw5zOb-xslYPNuAYPAWRBb8mFDgd722OkY3ULQvfVzRX41fdY61EC4t1BNW,
"Manager, Software Engineering, Digital Banking",EQ Bank | Equitable Bank,"Toronto, ON",https://www.workopolis.com/jobsearch/viewjob/T_BJjc_DLBGkhmvioavQvgDuDHZ9k6OAa4KaxgHrKhBKsTz6CRxYGWMKPat_Ds5v,
Senior Full Stack Developer,Konrad,"Toronto, ON",https://www.workopolis.com/jobsearch/viewjob/0B7dg_wQDQ5NJ0wtHDIH_p-_EDSzt8baKXp1PChoMOMwSmt1o332WSnSN_0hhdUZ,
Senior Software Engineer (Full Stack),Venterra Realty,"Richmond Hill, ON",https://www.workopolis.com/jobsearch/viewjob/NoW2hnIm4ylGFGfO_9CJzibt852hbxO9yiV5VvF0_HxvikAG3NXtXrSlGVKm-xTX,"React, Relational databases, iOS, Microsoft SQL Server, Git, Java, SQL, AWS, Analysis skills, JavaScript, Version control systems, REST, Redux, Angular, APIs, Agile, Front-end development, TypeScript, React Native"
Senior Software Engineer,SGS,"Toronto, ON",https://www.workopolis.com/jobsearch/viewjob/k25J9emf9T6UbMU2m7CxOgw82ggaFCbrQXGW_26nnCCF07ivYZOsQL4QA_LiHM9o,"MCSD, ASP.NET, Azure, Oracle, MVC, Computer Science, CSS, React, PMP, Relational databases, DevOps, Engineering, C#, UNIX, Maintenance, Windows, .NET, Java, SQL, OOP, Project management, C, Bachelor's, JavaScript, REST, Computer Engineering, Angular, Software development, APIs, Unit testing, gRPC, Data warehouse, Entity Framework, Python, PowerShell, HTML5, TOGAF Certification, Information Technology"
"developer, software",Lane Four,"Toronto, ON",https://www.workopolis.com/jobsearch/viewjob/i0MjJtUBktLQQNhup1NzM4xQggw2ODCMLgHc15uyDRL_oh5rOdyLz4_LfwkjQSuA,"CSS, React, C#, English, Java, High school diploma or GED, JavaScript, Agile, Computer skills, Python, MySQL"
Associate Software Developer,S&P Global,"Toronto, ON",https://www.workopolis.com/jobsearch/viewjob/ETnhDxfDeHjhHymJ78DpurdmmqErIDCbl7zzdEBhwDp003JmLedSYIbplMr3yFFV,
Java Developer,Veltech Solutions Inc,"Toronto, ON",https://www.workopolis.com/jobsearch/viewjob/8TVfIBazTXMYqH-AjU_gk54WN4TCBl4lX0qH-pjS9sprkswf8fkxyCzJq68wGk9-,"Spring Boot, React, Kanban, Spark, Microsoft SQL Server, NoSQL, Java, Databases, Microservices, SQL, Scala, REST, Scrum, Software development, APIs, Agile, PL/SQL, Communication skills, Python, Hadoop"
Corporate Application Technical Leader (Senior Front-End developer),City of Toronto,"Toronto, ON",https://www.workopolis.com/jobsearch/viewjob/rBEkUqyewrkmYcE9NkQBwMlATAY2c7GhgIV8mehh14lO0pnwtfhWD88yDxOY3txR,"Microsoft Powerpoint, Microsoft Word, Web accessibility, Backbone.js, Microsoft Excel, Microsoft Access, Oracle, Computer Science, CSS, Bootstrap, React, XML, Customer service, Project planning, Mobile applications, iOS, Post-secondary education, Microsoft Office, Java, Application development, SQL, Project management, JavaScript, Content development, REST, User acceptance testing, Scrum, GitHub, APIs, Content management, JSON, Root cause analysis, Business requirements, jQuery, Debugging, HTML5"
Senior Front End Developer,Element Fleet Management,"Mississauga, ON",https://www.workopolis.com/jobsearch/viewjob/GPiNK8JiGY2gOZsHFlqM600FYSq_fxGZSChUfR2Pl6_KPfQnQjPsxqtK1ZLTAa5U,"Spring Boot, Azure, Computer Science, CSS, React, Kubernetes, Full-stack development, Relational databases, DevOps, C#, Git, MongoDB, Java, Microservices, OOP, AWS, Docker, Bachelor's, JavaScript, PostgreSQL, REST, Angular, APIs, JSON, Jenkins, Communication skills, HTML5"
Full Stack Ruby on Rails and React Software Engineer,NuBinary Inc,"Toronto, ON",https://www.workopolis.com/jobsearch/viewjob/_wz1KHNfRIxWUTEjBeiab0q1rD9G124_QwzBx1F4d_iJE9lM6lfnH6Hx0mUpp2aD,
UI Full Stack Tech SME,Virtusa,"Toronto, ON",https://www.workopolis.com/jobsearch/viewjob/xutmXhL7VmKvFo7igrV5JsTqO7qMVPfKIKCY9LE63S5GCB5DrssFVYUs1q58CYH9,"Spring Boot, UI development, Oracle, CSS, JUnit, React, Relational databases, Microservices, JavaScript, PostgreSQL, JPA, REST, Redux, GitHub, APIs, Agile, Test cases, Jenkins, TypeScript, GitLab, Spring, HTML5, Hibernate, MySQL"
"Intermediate Mobile Developer, 10 Month Contract",Live Nation,"Toronto, ON",https://www.workopolis.com/jobsearch/viewjob/u21OJ64C1C224yMqGxHQkubTu5Xg232442aaQDTS9RBgEDnJCWK_ps4dgz9pfXwF,"Kotlin, React, Kubernetes, Engineering, iOS, MongoDB, SQL, Project management, Docker, Ruby on Rails, PostgreSQL, REST, Redux, Ruby, Organizational skills, APIs, Swift, Communication skills"
Full Stack Developer (Backend Bias),Element Fleet Management,"Mississauga, ON",https://www.workopolis.com/jobsearch/viewjob/Lii9pF7oXJLBvAFjsfPdGitCRQ73nMGzzGSiK3OgkaS4hArOMXoOfXxo84MnuzRa,"Spring Boot, Azure, Node.js, Computer Science, CSS, React, Kubernetes, Full-stack development, DevOps, C#, Git, MongoDB, Java, Microservices, OOP, AWS, Docker, Bachelor's, JavaScript, PostgreSQL, REST, Angular, APIs, Maven, Jenkins, TypeScript, Communication skills, HTML5"
Web developer,Trip Support Inc,"Thornhill, ON",https://www.workopolis.com/jobsearch/viewjob/F7bwj8hToUP2AHFJ8tTKZ-Ga5DJwYm03mriXe38t8s__nGo1732uwRLdv6P4aa6L,
Senior Fullstack Developer,Scotiabank,"Toronto, ON",https://www.workopolis.com/jobsearch/viewjob/QSgqt3bPAShjqJKQMf87vLZkLn75514r6MWorSAb2X5S1QgIYAiqKgXmt9xTj6xp,
Android Developer,Konrad,"Toronto, ON",https://www.workopolis.com/jobsearch/viewjob/3yNPDEMQ05UV3tEmR7JYbony_g4sHbgpMrLDQxrWKp-1MYuq6Uw0DcOurUSTqhuT,
General Developer Posting - Future,Interaxon,"Toronto, ON",https://www.workopolis.com/jobsearch/viewjob/JJw9A7wbfBg5aX2TzU_0MLahWkqI3cakTn85vhIm_sQ_cEJUoIK7KpZdfewtejr9,"Kotlin, iOS, Google Cloud Platform, C++, Bachelor's, Ruby on Rails, Swift, Communication skills, Python, React Native"
Senior Full Stack Developer (MERN Stack – Lead),Research Pandit,"Mississauga, ON",https://www.workopolis.com/jobsearch/viewjob/DgQJ_CU81CIbzstRddQCRo98Ffdm-E5gbUq3p8kqYdKaOqH_gyAvt2BKC-3zAud2,
"Sr. Full Stack Developer (REACT, Java, Spring)",407 ETR,"Woodbridge, ON",https://www.workopolis.com/jobsearch/viewjob/PhS4nyG5NDJpd-jcDfl-z6XsmUJ2Qdudg7nAbZXLRNSjb6YG-IjBk_-PcoAg98Wb,
Senior Software Engineer (Fullstack/Frontend),CanCap Management Inc.,"Mississauga, ON",https://www.workopolis.com/jobsearch/viewjob/QKwDmLZRMgf7hL_CBndCIYsuZPCUd2qvmmo1j3-eJCnx3_LaSLmjuuETb70oJs8Q,
Senior Software Developer,Loopio,"Toronto, ON",https://www.workopolis.com/jobsearch/viewjob/1_Z4XnYJRxAXsVH3mAaUJ0C6c-hN3NQ3NhJ0MtU-PPNCvysFoL7Iw9rRCfp-BotB,"Elasticsearch, React, Java, Database design, PHP, AWS, JavaScript, REST, Software development, APIs, TypeScript, Python, MySQL"
Software Developer,IBM,"Markham, ON",https://www.workopolis.com/jobsearch/viewjob/K0mIVniDtyGgrl46YIQyslk9TcSTEUJd5USh2UrNAeASpCylKNrpTvd29MptbxVH,"Node.js, React, Kubernetes, Writing skills, UNIX, Application development, Analysis skills, Docker, Machine learning, Cloud development, JavaScript, Software development, GitHub, Agile, Design thinking, Linux, TypeScript, Communication skills"
Senior Frontend Engineer,Snowflake,"Toronto, ON",https://www.workopolis.com/jobsearch/viewjob/gtnvtS3cb3owHElTHuzmtP2uFeEKx75AhpTrAZtfST0u2PsxEBKgtfFsjrB3t6iu,"UI development, Go, Node.js, React, Kubernetes, Mobile applications, Application development, JavaScript, Angular, Software development, APIs, System development, UI, Leadership, TypeScript, GIS"
Software Developer: Web3 & Fintech,Secure Digital Markets,"Toronto, ON",https://www.workopolis.com/jobsearch/viewjob/4AG0mCGvFf9972SX3jfI2ZTm_AXCIAt47brpszL8Sx-wudun7GGeNG94tpUE9zuh,"Azure, Go, Node.js, Cassandra, React, Full-stack development, Blockchain, ERP systems, NoSQL, Git, Google Cloud Platform, SQL, AWS, Docker, JavaScript, Terraform, RabbitMQ, Angular, Software development, APIs, Puppet, Chef, TypeScript, Communication skills"
Full Stack Senior Application Developer,H.I.S Canada Travel Inc.,"Etobicoke, ON",https://www.workopolis.com/jobsearch/viewjob/N4SpcxWWxrBlhIhrS-STRfh3TlkaDmIKU9Azq0SdPustSBfwHKvwPZyTTNxX6teS,
Software Developer (Full Stack) 7644-0514,Foilcon,"Toronto, ON",https://www.workopolis.com/jobsearch/viewjob/mNN08sHK19-v2bfylEAAEj3_dcke3ROuf6G9W4r4wCaXidwZW7F-uXEqRBJzTBi0,"Web accessibility, Spring Boot, CI/CD, Oracle, CSS, PCI, React, Full-stack development, WebSphere, Load balancing, DevOps, J2EE, UI design, Java, Application development, Databases, Database design, JAWS, REST, JSP, Angular, UX, Software development, APIs, UI, Eclipse, Communication skills, Information management, Spring, Negotiation, Debugging, HTML5, Mobile devices, SDLC"
Senior Full Stack Developer,GateThree Inc,"Mississauga, ON",https://www.workopolis.com/jobsearch/viewjob/uRPwUbTRqsgsxuh1Mzv_wqq6Yyn5DjDidxm6fJlLI3_6cMBDwJ2rLa5kEA3INRPM,"Spring Boot, Elasticsearch, Azure, Go, Node.js, CSS, React, Kubernetes, Web development, Full-stack development, DevOps, NoSQL, Git, Google Cloud Platform, MongoDB, Java, Databases, Microservices, AWS, Docker, JavaScript, Redis, RabbitMQ, REST, Redux, APIs, Maven, TypeScript, HTML5, MySQL"
Front End Web Developer 7008-2212,Foilcon,"Toronto, ON",https://www.workopolis.com/jobsearch/viewjob/zYMDI8tM54kZZJ5SI9tHHx_KsPV_SF6tEtCXrPUOkehyRHCN2bOjhJ91f_YP27ua,"Web design, Node.js, CSS, React, Kubernetes, Mobile applications, .NET Core, Encryption, Responsive design, Java, Application development, Databases, SOAP, PKI, Docker, JavaScript, Continuous integration, REST, Angular, Django, UX, Software development, APIs, Agile, JSON, TypeScript, Communication skills, Information management, Python, Shell Scripting, Negotiation, Debugging, HTML5, SDLC"
Senior Digital Developer,Definity Financial Corporation,"Toronto, ON",https://www.workopolis.com/jobsearch/viewjob/dO82zgST154JTszpKHYTLvblxAC1KlIYPZLcCWLcLAuUrY-YtE9Y_UWdCPBfHfmY,
Sr. Full Stack Developer,Syntronic,"Markham, ON",https://www.workopolis.com/jobsearch/viewjob/cumtmGvGnd8pAuHrLjo2BtQMWmdp6lxdvpRTPjKKoNu88RYhJUCV6dIz0CTZVd0s,"Spring Boot, CI/CD, Computer Science, CSS, React, Kubernetes, Full-stack development, DevOps, NoSQL, Git, Java, Databases, SQL, AWS, Docker, Bachelor's, JavaScript, Version control systems, Terraform, REST, Redux, Scrum, Telecommunication, APIs, Agile, Front-end development, S3, Web services, Communication skills, HTML5, Identity & access management, Information Technology"
Microsoft .Net Developer,TV2 Consulting,"Toronto, ON",https://www.workopolis.com/jobsearch/viewjob/eDk1zFgTf1P7gw1Bn7XGb0lbTtZV6TnEnyNKHevojW8UZCL6s_FC2_qNfQbr6Sma,"AJAX, ASP.NET, CSS, React, XML, .NET Core, C#, .NET, Analysis skills, JavaScript, Agile, JSON, ASP, Leadership, Communication skills, jQuery, HTML5, XHTML, T-SQL"
Software Developer,Blue J,"Toronto, ON",https://www.workopolis.com/jobsearch/viewjob/vp8it--fJlydw4PcJ69rrFGC9b12Bz1x0jtcEmcSX6aCMYYfZgIRrSUmMgtJy4PJ,
"AI Integration, Full Stack Developer",Klick Health,"Toronto, ON",https://www.workopolis.com/jobsearch/viewjob/zaEXRsCn2HR5ee7Fr4SJQkrtfuwHb6ymegrnGMqZRS_b5ZfP8n-bw7TfTlEpRf8G,"Authentication, Elasticsearch, CSS, React, Full-stack development, DevOps, Data structures, NoSQL, Databases, Microservices, SQL, AWS, JavaScript, PostgreSQL, REST, Angular, APIs, Flask, AI, Python, Debugging, HTML5"
Full Stack Engineer,Paymentus (Canada) Corporation,"Richmond Hill, ON",https://www.workopolis.com/jobsearch/viewjob/ROsHogiiB2nNneldlxxTLVMaAXwSxRH89B57Gd_H3VhBptoeHzgAs2t6L0_jogSI,
"C++ Developer @ Toronto, ON - Canada - Long-term",Atlantis IT group,"Toronto, ON",https://www.workopolis.com/jobsearch/viewjob/saSs1mfjAxxc44A2U19AkUikkPGAz20l4BuPcjf9qsAqza2mL3PZRmZ3T04rUU34,"CI/CD, Oracle, Cassandra, React, Web development, DB2, UNIX, Git, MongoDB, Java, OOP, C++, Angular, Linux, Spring, Hibernate"
Senior Systems Developer,Healthcare of Ontario Pension Plan (HOOPP),"Toronto, ON",https://www.workopolis.com/jobsearch/viewjob/U9w4ctiuxSCtiqIrHlQDUNL2g08FpsdKNEOOp7Z-_zztrgADALKWGBUNTsmdn_8K,
Full Stack Developer (ERP),Axiom Group Inc.,"Aurora, ON",https://www.workopolis.com/jobsearch/viewjob/b1xRhPmZTQfyYqGHuRUi7nMmOcZWmUyR1TUWareqFdL1xhJgILviJtLGWwHi1mzM,
Full Stack Development Lead,DAC Canada,"Toronto, ON",https://www.workopolis.com/jobsearch/viewjob/W3g_AHAlgzVL9ijR7j9AYNU5vxrO1og8Zibi_40bIscNeSA9qlTcyNJrk9PPsOWF,
"Senior Fullstack / Web Engineer, Fintech (Remote)",Hopper,"Toronto, ON",https://www.workopolis.com/jobsearch/viewjob/f7RnWXtN9L4mYxzllzk8HYO9DGyRc5feKlCTMvSNmya-G-qtCbsqSvkMIQ_xJHKX,
Software Engineer (Full Stack),Citylitics,"Toronto, ON",https://www.workopolis.com/jobsearch/viewjob/u2xe4mSGNoAbUGy8YbcmAtK2g_5I6gDKaVUODlJntWww6ZmfMJvooyeGd-tDAK_i,"Jira, Computer Science, React, Full-stack development, Engineering, UNIX, Git, Google Cloud Platform, SQL, AWS, Bachelor's, Distributed systems, Django, GitHub, APIs, Agile, TypeScript, Communication skills, SDLC"
Sr. Software Engineer (DotNet),KALSOFT,"Mississauga, ON",https://www.workopolis.com/jobsearch/viewjob/uch8sUWp0xY99bj4oRCtUy4y975AcQUYxetqSdFR8_uj6R2A9O2KM9yCcb4aI6qK,"ArcGIS, CI/CD, ASP.NET, Azure, MVC, Computer Science, CSS, Bootstrap, React, Kanban, Engineering, .NET Core, Visual Studio, C#, .NET, Master's degree, Application development, Databases, SQL, WCF, Bachelor's, JavaScript, REST, Angular, Scrum, GitHub, APIs, Agile, Communication skills, HTML5"
.NET Developer 0091-2210,Foilcon,"Toronto, ON",https://www.workopolis.com/jobsearch/viewjob/L8quCIRv9t5aqvl_jyCuV391GMLXG02LhX39elpnd-KOlJvtCMNU7fYekmWnxXBw,"AJAX, ASP.NET, Azure, CSS, Bootstrap, React, XML, IIS, Visual Basic, Database development, DevOps, C#, Microsoft SQL Server, .NET, Application development, OOP, JavaScript, REST, Angular, Agile, JSON, SSIS, TypeScript, jQuery, HTML5"
Web developer,Scriptbox,"Mississauga, ON",https://www.workopolis.com/jobsearch/viewjob/Fd4Muuv7GT-ci_zIi6vUEZJyaoxkEQJoqDGmhLe1OLlg6YxWR25zbIqXeoDOISCC,"React, XML, English, SQL, JavaScript, JSP, Computer skills, College diploma, Communication skills, HTML5"
Senior Full Stack Developer,Pwc Canada,"Toronto, ON",https://www.workopolis.com/jobsearch/viewjob/wunDrNibzmYxuwEaUkpsMmAhpHJ85hBIZsHIhG1jlV5X24SzIip86P9JVwIJLlAy,"Jira, ASP.NET, Azure, MVC, Node.js, Computer Science, Bootstrap, React, Kubernetes, DevOps, .NET Core, Microsoft SQL Server, NoSQL, Selenium, Git, MongoDB, .NET, Master's degree, Databases, SQL, SoapUI, AWS, Docker, Angular, GitHub, APIs, Agile, JSON, Business requirements, Kendo, TypeScript, Entity Framework, jQuery"
Senior Fullstack Software Developer (Node. JS & React),Lightspeed Commerce,"Toronto, ON",https://www.workopolis.com/jobsearch/viewjob/VP9hquiUlNAAZ7VnFp8br8699RAVSIucK-VP9g7166Li_EdR6djJaivOZSoMDM0j,
Senior Software Developer,Dealer-FX Group,"Markham, ON",https://www.workopolis.com/jobsearch/viewjob/tkh1_EcaeweY9vbnT0maXhiYwOECQs6_8sBbaimMoTB9wACXRGsbeC-IGBB4o3at,
Backend Engineer (Hybrid),Homebase,"Toronto, ON",https://www.workopolis.com/jobsearch/viewjob/FOkeN7DnXcULUEz059VeXfojo41qx7qbmTDUD-nIowDFysDoL4Sn3pOLFhnkRp5c,
Senior UI Developer,Atlantis IT group,"Toronto, ON",https://www.workopolis.com/jobsearch/viewjob/_OCukXI-9EsQHmbJHrEz11JcVsyE5DPcCj5py4TYWcc0_W5jR1mKo7CeQV2GPt9q,"Node.js, CSS, React, Kubernetes, DevOps, Docker, JavaScript, Redux, Linux, GraphQL, TypeScript, Debugging, HTML5"
"UX/UI Designer, SJC Media - Contract",St. Joseph Communications,"Toronto, ON",https://www.workopolis.com/jobsearch/viewjob/rTOfdZe2qRljL0WYKXcPmJoOwWuNgHDLL69VlszK8RbNYabPNbC8iOLf14Chi4vY,"Web design, Typography, UI design, UX, User flows, Sketch, UI, Figma, Communication skills, InVision, Information architecture, Zeplin"
Senior Python Developer,Yep Ads,"Markham, ON",https://www.workopolis.com/jobsearch/viewjob/AuiL9jRVgmHWjreOg5JiCZUC9nhpmvZKCIes387VknpyE4P54DH2C5yE8TOk7t-i,"CSS, React, Web development, MongoDB, Application development, Databases, JavaScript, Angular, Django, APIs, Python, jQuery, HTML5, MySQL"
Senior Software Engineer,ChargeLab Inc.,"Etobicoke, ON",https://www.workopolis.com/jobsearch/viewjob/BDg6L6Nn-iAFNxSWyI-DNiDfhaUGfHnC7StN24UzlaplJ0nLQnBQL6MHjMhU9vep,"Computer Science, React, Full-stack development, Engineering, Mathematics, Java, AWS, Math, Physics, B2B, SaaS, Communication skills"
Senior Software Engineer,Cozey,"Toronto, ON",https://www.workopolis.com/jobsearch/viewjob/nky3D5PZ2G25xk1FSgxDMrCRScVEECOKQTXU0mrMynzCUaPRZmDN_0VG4aaTv-BF,
UI Developer with Web Accessibility - 10 yrs,Atlantis IT group,"Toronto, ON",https://www.workopolis.com/jobsearch/viewjob/Dhikwr8h7K8GJY7DFDKziROq4nWSF7Nh-eNnF4c0fP_dvIAlzBdLBHoj7d0FdVwD,"Web accessibility, UI development, Node.js, CSS, Bootstrap, React, Web development, XML, DevOps, Git, Analysis skills, JAWS, JavaScript, Requirements analysis, SASS, REST, APIs, Agile, UI, JSON, Unit testing, NVDA, Jenkins, TypeScript, Communication skills, jQuery, HTML5"
Sr. Full Stack Developer,Citi,"Mississauga, ON",https://www.workopolis.com/jobsearch/viewjob/Tq_XJxQq93Z19gcfGdEI1008Ag8JnoCHwQ-VI_KonjVMNQ_Vibojzkm8kv6MGzKI,"CI/CD, Oracle, Node.js, CSS, React, Full-stack development, Enterprise software, DevOps, J2EE, Responsive design, UI design, Java, Master's degree, Application development, Databases, Microservices, Docker, Bachelor's, JavaScript, Web services, Spring"
Front End Developer,Element Fleet Management,"Mississauga, ON",https://www.workopolis.com/jobsearch/viewjob/55baaGs3h1wVYidn0F4lxzLYn1GIe6psGJvvhqWO0Y-OG9naa4MGaHG9NX96yjZQ,"Spring Boot, Azure, Computer Science, CSS, JUnit, React, Kubernetes, Web development, Full-stack development, DevOps, Selenium, Git, MongoDB, Java, Databases, AWS, Docker, Bachelor's, SVN, JavaScript, PostgreSQL, REST, APIs, JSON, Jenkins, HTML5"
Senior Android Developer,Konrad,"Toronto, ON",https://www.workopolis.com/jobsearch/viewjob/0zfI0LJJuCkFOOB7u2bHMCIrmGqQH8Q6NsK9dOF2XBMq7Hq2FP9hYHmAMLoiSpsp,
Senior Software Developer,Score Media and Gaming Inc.,"Toronto, ON",https://www.workopolis.com/jobsearch/viewjob/rc97Q_XAwm7LJ15AtRChWue38X69lkP8XK3-Yb_TJTR6k5RJF5E4TncikWVm-m6G,"Elixir, Node.js, Computer Science, Kubernetes, Relational databases, Git, Ruby on Rails, JavaScript, PostgreSQL, Distributed systems, RabbitMQ, REST, Django, GitHub, APIs, Kafka, GraphQL, gRPC, TypeScript, MySQL"
full stack Web developer,Vbion Software Solutions Inc.,"Pickering, ON",https://www.workopolis.com/jobsearch/viewjob/qR-zu9c-GkULnDrlfMDYdcuQqYLe2e-PwHVfVsVdpiITyoP4wzS9lVBSlUOu8g5T,"Jira, CSS, Bootstrap, React, Ansible, WordPress, English, SQL, PHP, AWS, Bachelor's, JavaScript, Angular, GitHub, APIs, Agile, Computer skills, JSON, ASP, Groovy, Jenkins, Python, Shell Scripting, jQuery, MySQL"
"Sr. Software Developer (React, Node, GO, Postgres, AWS)",Resolver,"Toronto, ON",https://www.workopolis.com/jobsearch/viewjob/U7jhEhkMMlccLtDjZBpSr1hAmyBL7-J6P_XIJ8gdXhZEDpB-l5wyAwMOcsOhAigq,
Senior Full-Stack Developer,Overbond,"Toronto, ON",https://www.workopolis.com/jobsearch/viewjob/1NKM4M7aqFvpvEeAzpnruvIN9Tzmou1N4J4TBwsRN2RYSC6GHxNFDAOgMIuT0G0C,
Full time Ruby on Rails Developer,Shore Consulting,"Toronto, ON",https://www.workopolis.com/jobsearch/viewjob/EJUalAVRCii2SiRZ2FpEnHsqufhPlfl8_hsVRJ50wes5Tw8C7yAzZql0lSUzpv_i,"Node.js, CSS, React, DevOps, Git, UI design, Java, Docker, JavaScript, PostgreSQL, Redis, Angular, Django, UX, Ruby, Linux, Chef, TypeScript, GitLab, Python, Spring, Debugging, HTML5"
"Senior Software Engineer, Growth",Jobber,"Toronto, ON",https://www.workopolis.com/jobsearch/viewjob/DgvfXB6V3DBTMktJ93lULYYobPZM3XXhH8A8-hYsNjspDebeNN8oEO18lyEmi2Wm,
Full Stack Software Developer-Generative AI,Autodesk,"Toronto, ON",https://www.workopolis.com/jobsearch/viewjob/oM2VDaK8wkagG3GeB_Zh2ki9zS4kFWPn6Lh9Gsiu6_O32-zwTP2MzNJPwbNuVNiw,"TensorFlow, CI/CD, AutoCAD, Authentication, Computer Science, Schematics, React, Web development, PyTorch, C#, .NET, Master's degree, Microservices, Revit, Docker, Bachelor's, Machine learning, JavaScript, REST, Scrum, Agile, Web services, AI, TypeScript, Python, Computer graphics"
"Team Lead, Software Development",Dealer-FX Group,"Markham, ON",https://www.workopolis.com/jobsearch/viewjob/C632Icd6rpVIi8kkEF-74Uep55gWUwv6JGsDvkIYNwCV9L1GOM_i6GXLzNOsimqR,
software developer,MATADOR.IA INC.,"Concord, ON",https://www.workopolis.com/jobsearch/viewjob/BKbekwqMrYYZ3QNMq5QaS-KAQHPMS5Iadfps8SKVEvrw3rJOQUcC-3HJHSog7Is_,"Jira, React, XML, Microsoft SQL Server, Git, English, Databases, SQL, AWS, Software quality assurance, Bachelor's, JavaScript, Computer skills, Linux, Jenkins, TypeScript, HTML5"
Senior Full Stack Engineer,PC Financial,"Toronto, ON",https://www.workopolis.com/jobsearch/viewjob/yU20DtUykvkK6uSZG4jGIIZuom-BFNlfCNaW3vJAtAPX-3LwBHxRhFqNeylAR_ai,"Jira, Node.js, CSS, React, Web development, Full-stack development, Google Cloud Platform, Responsive design, UI design, Confluence, JavaScript, Terraform, REST, Scrum, APIs, Agile, Unit testing, TypeScript, Communication skills, HTML5, Workday"
Senior Full Stack Developer,Nuclear Promise X,"Whitby, ON",https://www.workopolis.com/jobsearch/viewjob/vnwwss8x4MEfmusSlRt1gCY5gGVTzsgHq26wf1TEhJGZULS0-XkZYxq8uXTxRERd,"CI/CD, Cloud infrastructure, Azure, Node.js, Computer Science, Maximo, React, Web development, Full-stack development, Git, Databases, SQL, Machine learning, PostgreSQL, Computer networking, UX, GitHub, APIs, UI, DynamoDB, Leadership, TypeScript"
Development Team Lead,Staples,"Richmond Hill, ON",https://www.workopolis.com/jobsearch/viewjob/kojsweNf11-AGaEZvsHZ-cZ6QH6uPN5FOoDSaDScH8ooZegueYQ0z7etOIs8CYfb,
Senior C++ Developer,AstraNorth,"Toronto, ON",https://www.workopolis.com/jobsearch/viewjob/q3G7uksFfTt4OMXxQD5NpqJzbc1nqMAirBoFB8eM4RI2e3SY01ItJD00Eq1YAixJ,"CI/CD, Oracle, Cassandra, React, Web development, DB2, UNIX, Git, MongoDB, Java, OOP, C++, Angular, Linux, Spring, Hibernate"
Senior Mobile Developer - Android,Blanc Labs,"Toronto, ON",https://www.workopolis.com/jobsearch/viewjob/GxOHyp5QpgoAe_AP0siAPJkKyzPKZCTW189Xb7bhuQYNb9xiZa7qCOAXSDdCRfmX,"CI/CD, Kotlin, Computer Science, Mobile applications, Engineering, Encryption, Test automation, Git, Java, Databases, OOP, Flutter, Bachelor's, Usability, REST, UX, APIs, Web services, Communication skills, React Native, Debugging, Design patterns"
Sr React JS Developer,ydc pro Inc,"Toronto, ON",https://www.workopolis.com/jobsearch/viewjob/mf-qzPUjTvnaOatORrWeTlb2gsnkvWcMEVoSR6BFxeoPfOhnSSOu_chDTOhxm1fg,"React, SQL, JavaScript"
Full Stack Developer,WeVend,"North York, ON",https://www.workopolis.com/jobsearch/viewjob/53s-v_whtKuoRDXBRyUJp1hCCeE8TNpoXUrzD56eZoJEdjAO82Deho40VLikmZTI,
Senior Mobile Developer (Java/React Native) on Android,Moneris Solutions,"Toronto, ON",https://www.workopolis.com/jobsearch/viewjob/2vocBKfgKQp8y2ih7ogyHgmsto2airUuoqX0hkcArbhkNZAEcEF_C7IRjyI9OZFl,
Frontend Developer (React and Next.js),Stellar Elements,"Toronto, ON",https://www.workopolis.com/jobsearch/viewjob/YXMlMxij9CAyLuQY3uSDHv67FEmY6NIo1hJrvtKrtatcIQSmuiCUa__D21I_8vDv,"React, Git, JavaScript, Redis, ECMAScript, REST, GitHub, APIs, Agile, Front-end development"
Senior Full Stack Developer,Touchless Inc,"Toronto, ON",https://www.workopolis.com/jobsearch/viewjob/JxyEcf6E1wyKQaLvXGtGSUgx3X-h8frGmdRZ_Q0my5ElYOIQVHNrW9uJGwghgeOd,
React Front End Developer (PL570),Paralucent,"Toronto, ON",https://www.workopolis.com/jobsearch/viewjob/tJQBOUQBK3zSRqhYRhMebazZZ6hyUQCuPkUJHt8SVvoIvCcqOucC_AHmb1oMBuvq,"Computer Science, React, Engineering, Presentation skills, Bachelor's, Linux, Apache, Kafka, Data visualization"
Frontend Javascript Developer,Arternal,"Toronto, ON",https://www.workopolis.com/jobsearch/viewjob/O312l0z_k5i_56TfMiOOqDm68HGKebr4aKFHCQkoq79Ons1YkTq9jBpImTsXkGOD,"React, JavaScript, Angular, GraphQL, Vue.js"
InDesign JavaScript Developer,St. Joseph Communications,"Toronto, ON",https://www.workopolis.com/jobsearch/viewjob/h-X1ZMrYU0hcaKkm3zBSiA5JlswjtLQ7CHFA3KoD2vG3Et-6sjRb8cHfbyjFkbNl,
Front-End Developer,CanCap Management Inc.,"Toronto, ON",https://www.workopolis.com/jobsearch/viewjob/ktKo6YpmX-O6PCao3MJ98AAWHU-fa-GmRZcPabcTTfc058ycFWU2POzkHCbrcJU8,"CSS, React, Kanban, Google Cloud Platform, Bachelor's, JavaScript, Angular, UX, Software development, GitHub, APIs, Agile, Vue.js, HTML5"
Mobile Application Developer,WeVend,"North York, ON",https://www.workopolis.com/jobsearch/viewjob/DD9GkxoE70pLaFIdmjGu77mUuQsDQ4eSIdYea5zpKxF-S1QkFD5VaMLUVKuO69Fj,
Front End Developer - React,Dawn InfoTek Inc.,"Toronto, ON",https://www.workopolis.com/jobsearch/viewjob/L6mLhD-crWjNniTkoDmRZSQrxHoHLygp-0SBgpIjCEScufhUoQ9Yj4Gu53Y3P2EY,"Authentication, UI development, Azure, Computer Science, React, Google Cloud Platform, Master's degree, SQL, Database management, Bachelor's, Angular, Agile, Cloud computing, UI, Communication skills, Spring"
Node js developer,Zenith System Solutions Inc.,"Toronto, ON",https://www.workopolis.com/jobsearch/viewjob/uuFA0q4iNiUl3Uu7i6DgwLN4allCCbamZBc35vEj357z_Y8M2d7cFnF2eY8xt5Rh,"Node.js, CSS, React, Web development, JavaScript, Angular, JSON, HTML5"
Front End Developer,Shift Technologies Canada Inc.,"Scarborough, ON",https://www.workopolis.com/jobsearch/viewjob/aEIfIDG3QYElEqTL7m-AGH_1vtKaZIf2a8ownuCI_HyMdbMuUUKcKbz6byyWORXR,
"Front-End Engineer II, CreativeX (Amazon Ads)",Amazon Development Centre Canada ULC,"Toronto, ON",https://www.workopolis.com/jobsearch/viewjob/kuKJCn8QYAvrJE5Uo2pWTmS_eOI21FD-cLxeDyK_bGw4z38XqjbCcXOTnojS_JE3,"Computer Science, React, Bachelor's, Angular, UX, Software development, SDLC"
Software Developer - .NET/C#/React,Moneris Solutions,"Toronto, ON",https://www.workopolis.com/jobsearch/viewjob/c2mcnINjZ29q-hHWqgBb1CtxjO_8wHpVqk7Tuy9y1wRVKSKGUr09SSQp6E4_XU-k,
Full Stack Developer,Accenture,"Toronto, ON",https://www.workopolis.com/jobsearch/viewjob/s_brO30Npk-i5Dz42nBRlyL8jbTFEKypB4yMkujdzGeGtMYwwImcfrcym22VNUFY,"Jira, Spring Boot, Node.js, React, Full-stack development, DevOps, Git, Java, REST, Angular, APIs, Kafka, Jenkins, Spring"
Mobile Application Developer,System Dynamics Corporation,"Markham, ON",https://www.workopolis.com/jobsearch/viewjob/9sHCZtJIWp6vvAGM3aq3ljfBNGcGXOetwxb-dmk5Bp4uLAFtoCyv32-euEh7jqTG,
Front End Developer,ApplyToEducation,"Toronto, ON",https://www.workopolis.com/jobsearch/viewjob/GYb7qQZHpDrEBxczDREpBCmmDkl9t8mMGaFL2iF4hPGnZcHlPpcXof7zhIzpzjvV,"Computer Science, CSS, Bootstrap, React, Engineering, Git, Responsive design, Bachelor's, JavaScript, Version control systems, REST, APIs, UI, jQuery, HTML5"
"Front End and Full Stack Developer (Remote - Ontario, Canada ONLY)",Ample Insight Inc.,"Toronto, ON",https://www.workopolis.com/jobsearch/viewjob/TKq5Pn5QNGhonY7bJCyN9tvQOAR8E-g3-xheGicO-AXLqS5tFcIXq54nLa7tMH4m,"Node.js, Doctoral degree, Computer Science, React, Engineering, Master's degree, Bachelor's, Software development, TypeScript"
Typescript / React Backstage.io Developer,Atlantis IT group,"Toronto, ON",https://www.workopolis.com/jobsearch/viewjob/SGlJvT6Cpuq12hTJbX3zMEtXkdah_Tkf3rdb_TroeibgzeHZVLG28wiDwJv1hN0d,"Node.js, React, Web development, JavaScript, APIs, GraphQL, TypeScript"
Java Developer (Node JS),Zenith Algorithms,"Toronto, ON",https://www.workopolis.com/jobsearch/viewjob/UJVJ_NHGdMCZj_uFBJ_B0dAK1XFmaVYy-vPadUEMMdlO1egoM1LVrps1jrgPrb5V,"Node.js, CSS, React, Java, Bachelor's, JavaScript, PostgreSQL, HP Performance Center, REST, APIs, Integration testing, HTML5"
Full Stack Web Developer,Boffin Language Group Inc.,"North York, ON",https://www.workopolis.com/jobsearch/viewjob/dFm9TC2SHmApO6ORMlXPa4MQpsvHQgFnNJR3dhoOoC8U75jI2BX_D6uCivljVDmE,
Senior Software Developer - React and .Net,AirGate Technologies Inc.,"Vaughan, ON",https://www.workopolis.com/jobsearch/viewjob/_pPRGJEXyDZz4MJgcFd3R6g-r3tj7pJ3Gl2hvl7RZDKveG1C5Yif1yVeIog9BWX4,
Software Developer,William Thomas Digital,"Toronto, ON",https://www.workopolis.com/jobsearch/viewjob/1zlBrNRl2dhsN_4lpbfHC9aUrBSWlsfizSedxFqO5okyD_byOSjSptrJNbNXZLV-,"Node.js, CSS, React, Writing skills, Content management systems, PaaS, Git, SOAP, SQL, AWS, Project management, JavaScript, PostgreSQL, REST, APIs, GraphQL, Heroku, Communication skills, HTML5"
Junior Software Developer,Idea Notion Development Inc.,"Markham, ON",https://www.workopolis.com/jobsearch/viewjob/Cty3CLhyPbibKTucgExHCQzRNuJ3fYT2zlS7GOkWkgsYJFIx3JDq8e1lBmKDCWcd,
Java Developer,HANKER SYSTEMS PRIVATE LIMITE,"Toronto, ON",https://www.workopolis.com/jobsearch/viewjob/HNCo1dMo0ERdbQsnpmakoDXK7fQFjlvblCVEsK7tCqBnz2ZqSmK7UKUnZu8G-myg,"CI/CD, Oracle, Cassandra, React, Web development, DB2, UNIX, Git, MongoDB, Java, OOP, Bachelor's, Angular, Linux, Spring, Hibernate"
Senior Frontend Developer,CSC Generation,"Toronto, ON",https://www.workopolis.com/jobsearch/viewjob/UPK5asObwecpWpebzjmFirXgIyrHyiCVdTmo3g3Xs18Tf0IsPsL8eWyefbaMR5ep,
"Software Developer, New Grad",IXL Learning,"Toronto, ON",https://www.workopolis.com/jobsearch/viewjob/EVlGGIyVe9bkuIHbIfy2jMAb3qRw-0wWWxyJDXzOtOwywhCQxnGoHb9KDipFCDX-,"Computer Science, CSS, React, Git, Java, SQL, Bachelor's, JavaScript, Linux"
Web Developer,KALSOFT,"Mississauga, ON",https://www.workopolis.com/jobsearch/viewjob/iRrZTlTKXhM13KeIXLF8iIn1tzqPQqXlpUxz0aze4Ze1ki4o1SO2nGvjoyStsep9,"Website maintenance, Adobe Photoshop, Node.js, CSS, React, WordPress, Web development, Content management systems, iOS, Laravel, Adobe Illustrator, Magento, Visio, Git, Adobe Creative Suite, Application development, PHP, JavaScript, SCSS, Adobe XD, REST, SEO, Angular, Symfony, APIs, Sketch, Figma, TypeScript, Joomla, jQuery, Debugging, HTML5, MySQL"
E-business Web site developer,Monet Marketing,"Richmond Hill, ON",https://www.workopolis.com/jobsearch/viewjob/oOieFaK2TD0HO9uPbbfkIk5GvGP8IDWfNCMGO-5u4HvMjdlS4fx-i7oGJ8IYJGOj,"Node.js, React, WordPress, Sales, Microsoft SQL Server, Git, English, Java, Ruby on Rails, JavaScript, JSP, Computer skills, JSON, Chinese, College diploma, TypeScript, Python, jQuery, HTML5"
Full Stack Developer,Staples,"Richmond Hill, ON",https://www.workopolis.com/jobsearch/viewjob/xO71XGfMMo66qH4ZJJzFzNZ74Fq-h2o9drrEaxPA9kv4v3oESWyPAH9axtmOk1_i,
Hiring for Full Time React JS with Kumaran Systems - Toronto!!,Kumaran Systems Pvt Ltd,"Toronto, ON",https://www.workopolis.com/jobsearch/viewjob/S8J4rkDr-wHpnDdSezaoZe3xv2eUIyFmA36qJkEN3o-nbeVFqRucfXaZhBaQ_JYL,"Spring Boot, Oracle, React, Enterprise software, Microservices, REST, APIs, TypeScript"
SCALA / JAVA / PYTHON Developer,Veltech Solutions Inc,"Toronto, ON",https://www.workopolis.com/jobsearch/viewjob/-zXgWH16yTfmxdBvjqyODC07YB8EUjV5xvcDXLn9_80Y-9Z5-jl0yEsbnaxe1xlS,"Spring Boot, React, Kanban, Spark, Microsoft SQL Server, NoSQL, Java, Databases, Microservices, SQL, Scala, REST, Scrum, Software development, APIs, Agile, PL/SQL, Communication skills, Python, Hadoop"
Full Stack Developer - FULL TIME (preferred) or PART-TIME,Doc Clik,"Toronto, ON",https://www.workopolis.com/jobsearch/viewjob/WFBPvrRAvnfBWDsSiOFyRbnJMpWBcwI4GGsIER_stW4w0ZGz4NEXoBsmrBnDdBNt,"Node.js, Computer Science, CSS, React, Full-stack development, Mobile applications, Content management systems, iOS, Post-secondary education, Android, Databases, SQL, Ruby on Rails, JavaScript, APIs, Agile, Communication skills, React Native, HTML5, MySQL"
Web Development Intern,CEM Resorts,"Toronto, ON",https://www.workopolis.com/jobsearch/viewjob/YP_YhaQiwKEI5OVkk7DBghgXXM-vmJEJ4khtLveu6jJf-Q-J-kswGzv_7rQC9MoB,"Computer Science, CSS, React, Web development, Responsive design, Bachelor's, JavaScript, SEO, Angular, Communication skills, HTML5"
Front-End Developer AND WORDPRESS,CEM Resorts,"Toronto, ON",https://www.workopolis.com/jobsearch/viewjob/q3fustZVA0v1lXRkt-CXU19ZU1cPXWaiFcp3ZaxUeYDsDyE7L9XDmGX9Lm4UD7w_,"Web design, Website maintenance, Computer Science, CSS, Bootstrap, React, WordPress, Web development, Responsive design, PHP, Bachelor's, JavaScript, SEO, Communication skills, jQuery, HTML5, MySQL"
Senior Full Stack Engineer - React,NielsenIQ,"Toronto, ON",https://www.workopolis.com/jobsearch/viewjob/-7SqMaFHoS17k8mpXryY__9I3pQdcMn0w9lzkcSNKJlzfZIA1qHMZvpEwte3fvua,
Software Developer - Front End,Embross,"Richmond Hill, ON",https://www.workopolis.com/jobsearch/viewjob/BA2VdS-NPF4enWdUHOD7sIrsKt2TbLpMlTX7cCUZ8FpBF5lGslpcXTjh0P0i-Vah,
"Associate Educator, Web Developer",BrainStation,"Toronto, ON",https://www.workopolis.com/jobsearch/viewjob/6M1awSN4WA2jcTpzoFMHed8oFY-ps64-phSP8tKL2ZQSCG7M7f857SML6Jycg52Q,
"Educator, Web Developer",BrainStation,"Toronto, ON",https://www.workopolis.com/jobsearch/viewjob/oBV6VfdJT-OcFEFfR38v37ezJgJOA6OlHe8eA116VfzCEHvtxiZYLwfPWKzp-7UZ,
Front-End Developer,Independence Pet Group,"Oakville, ON",https://www.workopolis.com/jobsearch/viewjob/658VIuH6xz-iKi7SGdDDzF9SRCKG5RXoRRh_67pOWgPHD8C2XKNCAtsfEgYL2ZJl,
Software Developer,Scotiabank,"Toronto, ON",https://www.workopolis.com/jobsearch/viewjob/P6e4oze0zQQrEMqT6y28MsXz669pRio2CeLUis4m9JZbhSMsJ69vlCG6KLUdOk2d,
Web Developer,TV2 Consulting,"Toronto, ON",https://www.workopolis.com/jobsearch/viewjob/kBeSwIAYcw5LgGD11gCmPbad8ByIxpTvNV_ZdPWcovKQitty0E7svy2FpGiFHbkV,"Web accessibility, Node.js, CSS, React, Web development, NoSQL, Java, SQL, JavaScript, Angular, APIs, Vue.js, Python, HTML5"
Full Stack Developer (Nodejs),Remitbee Inc,"Mississauga, ON",https://www.workopolis.com/jobsearch/viewjob/Tfj98SCsayJ8QCJrUDtjk4ycKXCCPL4I2yCaswmB0e6eQsPM-u5cq-bE2lMJCR-E,
"Front-end Developer, Contractor (3-month)",The Canadian Press,"Toronto, ON",https://www.workopolis.com/jobsearch/viewjob/857inZDS0jjS8_jL9omEtcHyBUu0KJsOWJ2wQrEa1WFyz20a_D_UWzSoULQP06i1,"Web design, Computer Science, CSS, React, Databases, Bachelor's, JavaScript, Redis, Angular, Django, UX, APIs, Flask, Communication skills, Python, HTML5"
Software Developer Co-op (Fall 2024 - 4 month),Intuit,"Toronto, ON",https://www.workopolis.com/jobsearch/viewjob/qi4Dfs7QGcb4t2VDRakh5NPyIyS75W1F2XnR80ahkmt7g_2Tv5D5Gw4PUQz5axio,"Computer Science, React, Engineering, Post-secondary education, Java, JavaScript, QuickBooks, Python, HTML5"
Backend Developer (Node and Java),Stellar Elements,"Toronto, ON",https://www.workopolis.com/jobsearch/viewjob/bcEVBRGmmqgaxk6-2S6IPdPulBCci2GUgZf63DwZ08wDhtOqLq87yhh8bSxI-4Xg,"Node.js, CSS, React, Java, JavaScript, PostgreSQL, REST, APIs, Integration testing, HTML5"
Senior Front End Developer,Monzek Consulting,"Toronto, ON",https://www.workopolis.com/jobsearch/viewjob/WcpXINVgpDn_GQ7pgqM-ZopcXyUchR7Pzbyz_6UHTLFvOUtoTBvhFnjlFkjbRj7r,"Web accessibility, AJAX, ASP.NET, Azure, CSS, React, Web development, Relational databases, DevOps, .NET Core, C#, Git, DEC, Application development, SQL, JavaScript, SCSS, SASS, REST, Scripting, Angular, SharePoint, APIs, Associate's degree, TypeScript, Communication skills, Python, jQuery, HTML5"
Junior Software Developer - Full Stack,Intelliware,"Toronto, ON",https://www.workopolis.com/jobsearch/viewjob/Skv14Sy6rbJdyR43bJu8YKlFiO3oCBF1ZHSxV-1VklxDDCXVlN7UAaFhAE-swGk_,"Computer science, Kotlin, Azure, Node.js, CSS, React, XML, Data structures, Spark, UNIX, NoSQL, PaaS, MongoDB, Java, SQL, AWS, JavaScript, Distributed systems, Angular, Agile, Linux, Kafka, Spring, HTML5, Hadoop, Design patterns"
Full Stack Developer,Annex IT solutions,"Toronto, ON",https://www.workopolis.com/jobsearch/viewjob/zUXe6dSKb1lmlYcxu9flDrkOWQic1vKpXq8Yk2fsq5Ghn1nbL8H-x-sHEHL4x0pD,
Software Developer Co-op (Fall 2024 - 8 months),Intuit,"Toronto, ON",https://www.workopolis.com/jobsearch/viewjob/I-il6M3a3uRmA8UwRlXM6mrGntqt_tHJKJJaxpiS_YGJNbb6Tw3IehCsMf1tJiQG,"Computer science, Computer Science, React, Engineering, Post-secondary education, Java, Machine learning, JavaScript, Product management, Agile, AI, Python"
Senior React Full-Stack Developer,Method:CRM,"Toronto, ON",https://www.workopolis.com/jobsearch/viewjob/flhwTtLQWzKX19Q1tXGh4ioXjmPmZAJbwIQ6x2jk9FwITSprkfjvFhzXpVd-tKPr,
Senior Full Stack Developer,Fastr,"North York, ON",https://www.workopolis.com/jobsearch/viewjob/zPNAFdlySrM2c63cxkydWEcaN98fo9sJ_HnIScdPZFbJ4rIV7N1B4PPrViRvvUbZ,"Node.js, Computer Science, CSS, React, Web development, XML, English, E-commerce, Performance testing, Master's degree, PHP, AWS, Bachelor's, JavaScript, Angular, APIs, Integration testing, Communication skills, jQuery"
Full-Stack PHP Developer,Newcom Media Inc.,"Etobicoke, ON",https://www.workopolis.com/jobsearch/viewjob/gkG0AA-l9p40h8pWFXdTIU--GtcSiKP2sSazAqb1MFW_aTaZbHutDQTSc2CaSJKR,
Front-end Developer,Wisedocs AI,"Toronto, ON",https://www.workopolis.com/jobsearch/viewjob/QnfRtxNEnV5HwUjXGP5WYnM0a8xHw6CaWMCpDxsOP21Qr-bGgbtuqJwyWbBtcsAD,
React Native Developer,Smart-One Solutions,"Richmond Hill, ON",https://www.workopolis.com/jobsearch/viewjob/N3UEJPmeilICHp7Tp02_I6c_OUzE93HFfsgJUxrXc45IrRCnmJdA-c05qkI8gw1f,
Software Developer - Full Stack (Contract),Intelliware,"Toronto, ON",https://www.workopolis.com/jobsearch/viewjob/trs6F6MMM_vJXa0W5gZ9vPvxvljnyUkPKhxZEz76N7osiJaznl_zhTTi2K51iWIA,"Computer science, Kotlin, Azure, Node.js, CSS, React, XML, Data structures, Spark, UNIX, NoSQL, PaaS, MongoDB, Java, SQL, AWS, JavaScript, Distributed systems, Terraform, Angular, Agile, Linux, Kafka, Spring, HTML5, Hadoop, Design patterns"
Senior React Developer,S&P Global,"Toronto, ON",https://www.workopolis.com/jobsearch/viewjob/U-j6je-9u_IMhiTYXTVa0lbf0nh8cSEMCjpvXgktJWhGyqCrMxluTX0kHlO3oVS8,
Senior Mobile Developer (React Native),Lightspeed Commerce,"Toronto, ON",https://www.workopolis.com/jobsearch/viewjob/5wpMD40dKEpPCjCXYOW01Ct35Ko6KYrKM_hkEfaxK2VWvtG6mi8u2EAI09LXfZnK,
Intermediate Software Developer (Remote First),Zensurance,"Toronto, ON",https://www.workopolis.com/jobsearch/viewjob/GINeYVDK2-OkoAw0Mt4WIVZkNPCy9eeXt2MMiHaBzGY6caMqWiLuCXgfprOZ1Y1U,
Senior Full Stack Developer- Python and Vue.js (GCS),Royal Bank of Canada,"Toronto, ON",https://www.workopolis.com/jobsearch/viewjob/tsecKJgDtw-_2OIeDKR9HmCjQaxLiDgmwPbfCeGwhel34Ce4GIit1Cr2YCTUD5ED,"CSS, Bootstrap, React, Web development, NoSQL, Databases, SQL, Docker, JavaScript, Angular, Django, Agile, Vue.js, Python, jQuery, HTML5"
java full stack developer with angular,Tekshapers Software Solutions Pvt Ltd,"Toronto, ON",https://www.workopolis.com/jobsearch/viewjob/-wyomPZSdaock7DmgVp9w9xQ55UOW0mkz1s56k5o3HUtjUiJbGnemv-NFSh89lJl,
"React Native Developer (remote, open roster contract opportunity)",Crowdlinker,"Toronto, ON",https://www.workopolis.com/jobsearch/viewjob/0tTGCTcNjZ2QsOwK9nKx07yd3NBNCgAfVCWXHEX2-8sWamSZrxAn67QvDlrD0N9m,"Jira, Kotlin, Node.js, React, iOS, Laravel, NoSQL, Git, Test-driven development, MongoDB, Android, Databases, SQL, Analysis skills, PostgreSQL, Version control systems, Continuous integration, Redis, SDKs, Usability, REST, GitHub, APIs, Project management software, Agile, Unit testing, DynamoDB, Vue.js, Swift, Android development, Communication skills, React Native, MySQL"
Sr. Full Stack Developer,ConnectED Labs,"Toronto, ON",https://www.workopolis.com/jobsearch/viewjob/Y_ZYtqW5SJC7lxg6Xv_SdtmsCkXekKyudUEIA6LLoaS587o_VpDExIPN3Zg-lCca,
front-end developer,PowerHub Inc.,"Toronto, ON",https://www.workopolis.com/jobsearch/viewjob/D1_Hm5C1PWRXEZgUbkVVKTTEoCGyh8l5i6WZkVtmosnhiF-JB9yzpRQmfy17J6UB,"React, English, Computer skills, Vue.js, College diploma"
Junior Full Stack Developer,Markdale Financial Management,"Toronto, ON",https://www.workopolis.com/jobsearch/viewjob/CqtaV1WFbWivJ3TgdE6pL1rQdCGleK-0rS04KemuhmFwpk06a7qNqyHi-LaS2wad,"Node.js, Computer Science, CSS, Bootstrap, React, Web development, JavaScript, REST, GitHub, APIs, Linux, JSON, HTML5, MySQL"
Software Developer - Full Stack,Intelliware,"Toronto, ON",https://www.workopolis.com/jobsearch/viewjob/qDC3iDyoTtrnKjit2cEQpqlRIZQguHfJuz0yOz02Om7jfGcKKln6pmTQO_WJp3It,"Computer science, Kotlin, Azure, Node.js, CSS, React, XML, Data structures, Spark, UNIX, NoSQL, PaaS, MongoDB, Java, SQL, AWS, JavaScript, Distributed systems, Angular, Agile, Linux, Kafka, Spring, HTML5, Hadoop, Design patterns"
Lead Java Developer,Triveni IT,"Toronto, ON",https://www.workopolis.com/jobsearch/viewjob/DPdnam625VErMdQ-OB5O2yaamgXW3ziObsFSGh7-o98F8lYjnPVZQZdXhAQnb_PT,
Full Stack Developer,Konrad,"Toronto, ON",https://www.workopolis.com/jobsearch/viewjob/1XgFQfGrCGFcxkaHbFzyBRpbu7SWGlLxRrOQrFm4CqqbwMOfVrmCDdz5-H8W4J2y,
Full Stack Developer,Evenica Corp,"Burlington, ON",https://www.workopolis.com/jobsearch/viewjob/9CGVLPhqXeTl8Vddl1nI1330MBG_4B3h1TjrNwY0WbEFpmkHXA_YF9nm4cYf8ZDi,
"UX/UI Designer (remote, open roster contract opportunity)",Crowdlinker,"Toronto, ON",https://www.workopolis.com/jobsearch/viewjob/U_J3sCl4tpQ62zuzpuuFBO54ccXcZvmBajNbmdjdXtoX8ypgRn5wXDFsZFF-cG3j,"Typography, CSS, React, WordPress, Mobile applications, iOS, Android, UX, Agile, Design thinking, Budgeting, Interaction design, Figma, Communication skills, HTML5, Digital design"
WordPress Developer (Full Stack),Uncanny Owl,"Toronto, ON",https://www.workopolis.com/jobsearch/viewjob/FtjypGxNRYRnfH_oeIS2Dn9FzXGCIgjGihtWHIo37dkaLXj718cmAD2CEQRR-xQs,"UI development, CSS, React, WordPress, DevOps, Git, Test-driven development, English, UI design, PHP, OOP, JavaScript, SCSS, REST, UX, MailChimp, GitHub, APIs, HTML5, MySQL"
Senior Full Stack Software Developer,TouchBistro,"Toronto, ON",https://www.workopolis.com/jobsearch/viewjob/rDG3fHYJYsQJYFWTsETK6twhTHhwSL4EgfdIMGDNMYcIiEknJkphZyPDU_AwGNcY,
Senior Mobile Developer (React Native),Lightspeed,"Toronto, ON",https://www.workopolis.com/jobsearch/viewjob/5uZysG_M7QZqlhC0k00uQsSHLb-cAFOuBSFl8fIBZp4MGVZEVsou1gC3ur52A7Wy,
Mobile App Developer,Shift Technologies Canada Inc.,"Scarborough, ON",https://www.workopolis.com/jobsearch/viewjob/ZnL82CbzKHuu2K5dviMfwX0UAzQC27Mf2SMv8ABjQoctqDvaVIVbXPcbDtLmuHqg,"iOS development, Mobile applications, Git, English, Application development, Flutter, Bachelor's, Version control systems, REST, APIs, JSON, Android development, React Native, Debugging"
